year,municipality,total_cases
2012,"AGUA BLANCA",2
2012,ALOTENANGO,4
2012,"AMATITLÁN",494
2012,"ANTIGUA GUATEMALA",68
2012,"ASUNCIÓN MITA",31
2012,ATESCATEMPA,18
2012,AYUTLA,110
2012,BARBERENA,9
2012,"CABAÑAS",8
2012,"CAHABÓN",2
2012,"CAMOTÁN",149
2012,"CANILLÁ",2
2012,CASILLAS,2
2012,CATARINA,9
2012,CHAHAL,18
2012,CHAMPERICO,25
2012,CHICACAO,1
2012,CHINAUTLA,8
2012,CHINIQUE,2
2012,CHIQUIMULA,355
2012,CHIQUIMULILLA,5
2012,CHUARRANCHO,4
2012,"CIUDAD VIEJA",2
2012,COATEPEQUE,424
2012,"COBÁN",45
2012,COLOMBA,61
2012,COMAPA,9
2012,"CONCEPCIÓN LAS MINAS",16
2012,CUBULCO,11
2012,CUILAPA,164
2012,CUYOTENANGO,15
2012,DOLORES,4
2012,"EL ADELANTO",23
2012,"EL ASINTAL",25
2012,"EL CHAL",21
2012,"EL CHOL",4
2012,"EL ESTOR",103
2012,"EL JÍCARO",34
2012,"EL PALMAR",69
2012,"EL PROGRESO",34
2012,"EL QUETZAL",27
2012,"EL RODEO",1
2012,"EL TUMBADOR",22
2012,ESCUINTLA,851
2012,ESQUIPULAS,33
2012,ESTANZUELA,45
2012,FLORES,11
2012,"FLORES COSTA CUCA",82
2012,"FRAY BARTOLOMÉ DE LAS CASAS",553
2012,GRANADOS,3
2012,"GUALÁN",49
2012,GUANAGAZAPA,14
2012,GUASTATOYA,100
2012,GUATEMALA,141
2012,"GUAZACAPÁN",7
2012,"GÉNOVA",120
2012,"HUITÉ",9
2012,IPALA,24
2012,"IXCÁN",81
2012,IZTAPA,34
2012,JALAPA,8
2012,JALPATAGUA,7
2012,JEREZ,3
2012,"JOCOTÁN",140
2012,JUTIAPA,722
2012,"LA DEMOCRACIA",23
2012,"LA GOMERA",79
2012,"LA REFORMA",6
2012,"LA UNIÓN",1
2012,"LANQUÍN",1
2012,"LAS CRUCES",3
2012,LIVINGSTON,27
2012,"LOS AMATES",119
2012,"MALACATÁN",11
2012,MASAGUA,61
2012,MATAQUESCUINTLA,1
2012,MAZATENANGO,80
2012,"MELCHOR DE MENCOS",19
2012,MIXCO,71
2012,MONJAS,1
2012,MORALES,292
2012,"MORAZÁN",25
2012,"NAHUALÁ",4
2012,NEBAJ,2
2012,"NENTÓN",14
2012,"NUEVA CONCEPCIÓN",86
2012,"NUEVA SANTA ROSA",7
2012,"NUEVO PROGRESO",19
2012,"NUEVO SAN CARLOS",11
2012,"OCÓS",67
2012,OLOPA,23
2012,ORATORIO,4
2012,PAJAPITA,26
2012,PALENCIA,9
2012,"PALESTINA DE LOS ALTOS",2
2012,"PALÍN",85
2012,PANAJACHEL,1
2012,PANZOS,59
2012,PATULUL,5
2012,"PATZÚN",4
2012,"POPTÚN",41
2012,"PUEBLO NUEVO VIÑAS",17
2012,"PUERTO BARRIOS",403
2012,"PUERTO DE SAN JOSÉ",60
2012,QUETZALTEPEQUE,22
2012,QUEZADA,29
2012,RABINAL,13
2012,RAXRUHA,35
2012,RETALHULEU,438
2012,"RÍO BRAVO",3
2012,"RÍO HONDO",21
2012,SACAPULAS,1
2012,"SALAMÁ",63
2012,SAMAYAC,3
2012,"SAN AGUSTÍN ACASAGUASTLÁN",7
2012,"SAN ANDRÉS ITZAPA",1
2012,"SAN ANDRÉS VILLA SECA",166
2012,"SAN ANTONIO HUISTA",1
2012,"SAN ANTONIO LA PAZ",11
2012,"SAN ANTONIO SUCHITEPÉQUEZ",11
2012,"SAN BARTOLOMÉ JOCOTENANGO",1
2012,"SAN BENITO",15
2012,"SAN BERNARDINO",1
2012,"SAN CRISTÓBAL ACASAGUASTLÁN",48
2012,"SAN CRISTÓBAL VERAPAZ",1
2012,"SAN DIEGO",14
2012,"SAN FELIPE",11
2012,"SAN FRANCISCO ZAPOTITLÁN",10
2012,"SAN GABRIEL",9
2012,"SAN JACINTO",25
2012,"SAN JERÓNIMO",56
2012,"SAN JORGE",33
2012,"SAN JOSÉ ACATEMPA",31
2012,"SAN JOSÉ DEL GOLFO",32
2012,"SAN JOSÉ LA ARADA",41
2012,"SAN JOSÉ PINULA",2
2012,"SAN JOSÉ POAQUIL",1
2012,"SAN JUAN CHAMELCO",5
2012,"SAN JUAN COMALAPA",2
2012,"SAN JUAN LA ERMITA",7
2012,"SAN JUAN SACATEPÉQUEZ",7
2012,"SAN JUAN TECUACO",13
2012,"SAN LORENZO",79
2012,"SAN LUIS",46
2012,"SAN LUIS JILOTEPEQUE",1
2012,"SAN MANUEL CHAPARRÓN",4
2012,"SAN MARCOS",1
2012,"SAN MARTÍN JILOTEPEQUE",2
2012,"SAN MARTÍN ZAPOTITLÁN",19
2012,"SAN MIGUEL CHICAJ",26
2012,"SAN MIGUEL DUEÑAS",1
2012,"SAN MIGUEL IXTAHUACÁN",1
2012,"SAN MIGUEL PETAPA",49
2012,"SAN MIGUEL USPANTÁN",3
2012,"SAN PABLO",12
2012,"SAN PABLO JOCOPILAS",9
2012,"SAN PEDRO AYAMPUC",1
2012,"SAN PEDRO CARCHÁ",17
2012,"SAN PEDRO LA LAGUNA",2
2012,"SAN PEDRO SACATEPÉQUEZ",1
2012,"SAN RAFAEL LAS FLORES",2
2012,"SAN RAFAEL PIÉ DE LA CUESTA",1
2012,"SAN SEBASTIÁN",11
2012,"SAN VICENTE PACAYA",14
2012,SANARATE,5
2012,SANSARE,1
2012,"SANTA ANA",30
2012,"SANTA ANA HUISTA",9
2012,"SANTA BÁRBARA",1
2012,"SANTA CATARINA IXTAHUACÁN",1
2012,"SANTA CATARINA MITA",38
2012,"SANTA CATARINA PALOPÓ",8
2012,"SANTA CATARINA PINULA",3
2012,"SANTA CRUZ MULÚA",17
2012,"SANTA CRUZ NARANJO",3
2012,"SANTA LUCÍA COTZUMALGUAPA",24
2012,"SANTA ROSA DE LIMA",1
2012,"SANTO DOMINGO SUCHITEPÉQUEZ",9
2012,"SANTO TOMÁS LA UNIÓN",10
2012,"SAYAXCHÉ",32
2012,"SIQUINALÁ",18
2012,"SOLOLÁ",3
2012,TACTIC,2
2012,"TAMAHÚ",2
2012,TAXISCO,17
2012,"TECULUTÁN",85
2012,TEJUTLA,1
2012,TIQUISATE,332
2012,"USUMATLÁN",49
2012,"VILLA CANALES",42
2012,"VILLA NUEVA",78
2012,YEPOCAPA,15
2012,YUPILTEPEQUE,1
2012,ZACAPA,716
2012,ZACUALPA,2
2012,"ZAPOTITLÁN",2
2012,ZUNILITO,1
2013,"AGUA BLANCA",3
2013,ALOTENANGO,20
2013,"AMATITLÁN",728
2013,"ANTIGUA GUATEMALA",181
2013,"ASUNCIÓN MITA",82
2013,ATESCATEMPA,13
2013,AYUTLA,25
2013,BARBERENA,70
2013,"CABAÑAS",27
2013,"CAHABÓN",122
2013,"CAMOTÁN",118
2013,CASILLAS,66
2013,CATARINA,18
2013,CHAHAL,54
2013,CHAJUL,1
2013,CHAMPERICO,28
2013,CHICACAO,4
2013,CHIMALTENANGO,4
2013,CHINAUTLA,23
2013,CHINIQUE,2
2013,CHIQUIMULA,175
2013,CHIQUIMULILLA,4
2013,CHUARRANCHO,10
2013,"CIUDAD VIEJA",12
2013,COATEPEQUE,547
2013,"COBÁN",135
2013,COLOMBA,74
2013,COMAPA,23
2013,"CONCEPCIÓN",1
2013,"CONCEPCIÓN LAS MINAS",30
2013,CONGUACO,1
2013,CUBULCO,72
2013,CUILAPA,199
2013,CUILCO,33
2013,CUYOTENANGO,34
2013,DOLORES,100
2013,"EL ADELANTO",5
2013,"EL ASINTAL",32
2013,"EL CHAL",50
2013,"EL CHOL",5
2013,"EL ESTOR",189
2013,"EL JÍCARO",14
2013,"EL PALMAR",52
2013,"EL PROGRESO",33
2013,"EL QUETZAL",49
2013,"EL RODEO",11
2013,"EL TUMBADOR",154
2013,ESCUINTLA,279
2013,ESQUIPULAS,52
2013,ESTANZUELA,19
2013,"FLORES COSTA CUCA",34
2013,FRAIJANES,6
2013,"FRAY BARTOLOMÉ DE LAS CASAS",387
2013,"GUALÁN",125
2013,GUANAGAZAPA,21
2013,GUASTATOYA,50
2013,GUATEMALA,512
2013,"GÉNOVA",87
2013,HUEHUETENANGO,1
2013,"HUITÉ",34
2013,IPALA,10
2013,"IXCÁN",234
2013,IZTAPA,16
2013,JACALTENANGO,43
2013,JALAPA,127
2013,JALPATAGUA,196
2013,JEREZ,11
2013,JOCOTENANGO,1
2013,"JOCOTÁN",68
2013,JOYABAJ,2
2013,JUTIAPA,407
2013,"LA DEMOCRACIA",142
2013,"LA GOMERA",12
2013,"LA LIBERTAD",3
2013,"LA REFORMA",3
2013,"LA TINTA",40
2013,"LA UNIÓN",2
2013,"LAS CRUCES",2
2013,LIVINGSTON,68
2013,"LOS AMATES",65
2013,"MALACATÁN",4
2013,MASAGUA,16
2013,MAZATENANGO,109
2013,"MELCHOR DE MENCOS",46
2013,MIXCO,334
2013,MONJAS,11
2013,MORALES,44
2013,"MORAZÁN",5
2013,MOYUTA,3
2013,"NAHUALÁ",2
2013,"NENTÓN",11
2013,"NUEVA CONCEPCIÓN",124
2013,"NUEVA SANTA ROSA",84
2013,"NUEVO PROGRESO",31
2013,"NUEVO SAN CARLOS",48
2013,"OCÓS",27
2013,OLOPA,11
2013,ORATORIO,38
2013,PAJAPITA,30
2013,PALENCIA,27
2013,"PALÍN",77
2013,PANAJACHEL,5
2013,PANZOS,51
2013,PASACO,1
2013,PASTORES,3
2013,PATULUL,6
2013,"PATZITÉ",4
2013,POCHUTA,2
2013,"POPTÚN",306
2013,"PUEBLO NUEVO SUCHITEPÉQUEZ",2
2013,"PUEBLO NUEVO VIÑAS",11
2013,"PUERTO BARRIOS",525
2013,"PUERTO DE SAN JOSÉ",112
2013,"PURULHÁ",1
2013,QUETZALTEPEQUE,21
2013,QUEZADA,15
2013,RABINAL,9
2013,RAXRUHA,17
2013,RETALHULEU,222
2013,"RÍO BRAVO",15
2013,"RÍO HONDO",25
2013,"SALAMÁ",42
2013,SAMAYAC,22
2013,"SAN AGUSTÍN ACASAGUASTLÁN",3
2013,"SAN ANDRÉS",2
2013,"SAN ANDRÉS VILLA SECA",134
2013,"SAN ANDRÉS XECUL",1
2013,"SAN ANTONIO AGUAS CALIENTES",31
2013,"SAN ANTONIO HUISTA",51
2013,"SAN ANTONIO LA PAZ",47
2013,"SAN ANTONIO SUCHITEPÉQUEZ",8
2013,"SAN BARTOLOMÉ JOCOTENANGO",2
2013,"SAN BENITO",34
2013,"SAN BERNARDINO",10
2013,"SAN CARLOS ALZATATE",2
2013,"SAN CRISTÓBAL ACASAGUASTLÁN",23
2013,"SAN CRISTÓBAL VERAPAZ",35
2013,"SAN DIEGO",38
2013,"SAN FELIPE",21
2013,"SAN FRANCISCO ZAPOTITLÁN",4
2013,"SAN GABRIEL",2
2013,"SAN JACINTO",2
2013,"SAN JERÓNIMO",117
2013,"SAN JORGE",13
2013,"SAN JOSÉ",22
2013,"SAN JOSÉ ACATEMPA",17
2013,"SAN JOSÉ DEL GOLFO",164
2013,"SAN JOSÉ EL IDOLO",7
2013,"SAN JOSÉ LA ARADA",25
2013,"SAN JOSÉ PINULA",1
2013,"SAN JOSÉ POAQUIL",7
2013,"SAN JUAN ATITÁN",1
2013,"SAN JUAN BAUTISTA",11
2013,"SAN JUAN CHAMELCO",1
2013,"SAN JUAN LA ERMITA",12
2013,"SAN JUAN LA LAGUNA",1
2013,"SAN JUAN SACATEPÉQUEZ",9
2013,"SAN JUAN TECUACO",11
2013,"SAN LORENZO",34
2013,"SAN LUCAS SACATEPÉQUEZ",1
2013,"SAN LUCAS TOLIMÁN",14
2013,"SAN LUIS",113
2013,"SAN LUIS JILOTEPEQUE",60
2013,"SAN MANUEL CHAPARRÓN",11
2013,"SAN MARCOS",4
2013,"SAN MARTÍN JILOTEPEQUE",5
2013,"SAN MARTÍN ZAPOTITLÁN",24
2013,"SAN MIGUEL CHICAJ",23
2013,"SAN MIGUEL DUEÑAS",7
2013,"SAN MIGUEL PETAPA",136
2013,"SAN MIGUEL USPANTÁN",1
2013,"SAN PABLO",11
2013,"SAN PABLO JOCOPILAS",11
2013,"SAN PEDRO AYAMPUC",50
2013,"SAN PEDRO CARCHÁ",24
2013,"SAN PEDRO NECTA",8
2013,"SAN PEDRO PINULA",9
2013,"SAN RAFAEL LAS FLORES",125
2013,"SAN RAFAEL PIÉ DE LA CUESTA",6
2013,"SAN SEBASTIÁN",35
2013,"SAN SEBASTIÁN HUEHUETENANGO",1
2013,"SAN VICENTE PACAYA",21
2013,SANARATE,16
2013,SANSARE,3
2013,"SANTA ANA",49
2013,"SANTA ANA HUISTA",36
2013,"SANTA BÁRBARA",5
2013,"SANTA CATARINA BARAHONA",22
2013,"SANTA CATARINA IXTAHUACÁN",14
2013,"SANTA CATARINA MITA",10
2013,"SANTA CATARINA PINULA",22
2013,"SANTA CRUZ DEL QUICHÉ",1
2013,"SANTA CRUZ MULÚA",25
2013,"SANTA CRUZ NARANJO",32
2013,"SANTA LUCÍA COTZUMALGUAPA",22
2013,"SANTA MARÍA DE JESÚS",1
2013,"SANTA MARÍA IXHUATÁN",2
2013,"SANTA ROSA DE LIMA",104
2013,"SANTO DOMINGO SUCHITEPÉQUEZ",16
2013,"SANTO TOMÁS LA UNIÓN",17
2013,"SAYAXCHÉ",128
2013,"SENAHÚ",4
2013,"SIQUINALÁ",19
2013,"SOLOLÁ",1
2013,SUMPANGO,1
2013,TACTIC,5
2013,"TAMAHÚ",1
2013,TAXISCO,11
2013,"TECULUTÁN",175
2013,TIQUISATE,178
2013,"TUCURÚ",4
2013,"USUMATLÁN",34
2013,"VILLA CANALES",69
2013,"VILLA NUEVA",371
2013,YEPOCAPA,8
2013,YUPILTEPEQUE,4
2013,ZACAPA,626
2013,ZUNILITO,3
2014,"AGUA BLANCA",5
2014,ALOTENANGO,48
2014,"AMATITLÁN",303
2014,"ANTIGUA GUATEMALA",1065
2014,"ASUNCIÓN MITA",34
2014,ATESCATEMPA,2
2014,AYUTLA,819
2014,BARBERENA,578
2014,"CABAÑAS",16
2014,"CAHABÓN",24
2014,"CAMOTÁN",31
2014,CASILLAS,24
2014,CATARINA,40
2014,CHAHAL,14
2014,CHAMPERICO,22
2014,CHICACAO,10
2014,CHICHICASTENANGO,2
2014,"CHICHÉ",4
2014,CHINAUTLA,10
2014,CHIQUIMULA,310
2014,CHIQUIMULILLA,242
2014,CHUARRANCHO,7
2014,"CIUDAD VIEJA",21
2014,COATEPEQUE,1883
2014,"COBÁN",129
2014,COLOMBA,116
2014,COMAPA,16
2014,"CONCEPCIÓN LAS MINAS",12
2014,CONGUACO,1
2014,CUBULCO,32
2014,CUILAPA,316
2014,CUYOTENANGO,64
2014,DOLORES,19
2014,"EL ASINTAL",74
2014,"EL CHAL",46
2014,"EL CHOL",1
2014,"EL ESTOR",29
2014,"EL JÍCARO",462
2014,"EL PALMAR",242
2014,"EL PROGRESO",6
2014,"EL QUETZAL",67
2014,"EL RODEO",6
2014,"EL TUMBADOR",77
2014,ESCUINTLA,1077
2014,ESQUIPULAS,20
2014,ESTANZUELA,189
2014,FLORES,11
2014,"FLORES COSTA CUCA",100
2014,"FRAY BARTOLOMÉ DE LAS CASAS",65
2014,GRANADOS,7
2014,"GUALÁN",137
2014,GUANAGAZAPA,23
2014,GUASTATOYA,255
2014,GUATEMALA,2048
2014,"GUAZACAPÁN",18
2014,"GÉNOVA",223
2014,HUEHUETENANGO,1
2014,"HUITÉ",25
2014,IPALA,5
2014,"IXCÁN",105
2014,IZTAPA,34
2014,JACALTENANGO,9
2014,JALAPA,151
2014,JALPATAGUA,87
2014,JEREZ,11
2014,JOCOTENANGO,13
2014,"JOCOTÁN",65
2014,JUTIAPA,210
2014,"LA DEMOCRACIA",55
2014,"LA GOMERA",109
2014,"LA LIBERTAD",15
2014,"LA REFORMA",1
2014,"LANQUÍN",4
2014,"LAS CRUCES",1
2014,LIVINGSTON,96
2014,"LOS AMATES",55
2014,"MALACATÁN",79
2014,MASAGUA,79
2014,MATAQUESCUINTLA,1
2014,MAZATENANGO,57
2014,"MELCHOR DE MENCOS",4
2014,MIXCO,681
2014,MOMOSTENANGO,2
2014,MONJAS,1
2014,MORALES,74
2014,"MORAZÁN",38
2014,MOYUTA,16
2014,"NAHUALÁ",8
2014,"NENTÓN",4
2014,"NUEVA CONCEPCIÓN",131
2014,"NUEVA SANTA ROSA",178
2014,"NUEVO PROGRESO",36
2014,"NUEVO SAN CARLOS",14
2014,"OCÓS",71
2014,OLOPA,4
2014,ORATORIO,11
2014,PAJAPITA,100
2014,PALENCIA,7
2014,"PALÍN",103
2014,PANAJACHEL,5
2014,PASTORES,5
2014,PATULUL,25
2014,"PATZITÉ",3
2014,POCHUTA,3
2014,"POPTÚN",41
2014,"PUEBLO NUEVO SUCHITEPÉQUEZ",8
2014,"PUEBLO NUEVO VIÑAS",24
2014,"PUERTO BARRIOS",694
2014,"PUERTO DE SAN JOSÉ",55
2014,"PURULHÁ",2
2014,QUETZALTENANGO,4
2014,QUETZALTEPEQUE,10
2014,QUEZADA,3
2014,RABINAL,16
2014,RAXRUHA,2
2014,RETALHULEU,788
2014,"RÍO BRAVO",54
2014,"RÍO HONDO",19
2014,"SALAMÁ",183
2014,SAMAYAC,10
2014,"SAN AGUSTÍN ACASAGUASTLÁN",64
2014,"SAN ANDRÉS",10
2014,"SAN ANDRÉS VILLA SECA",336
2014,"SAN ANTONIO AGUAS CALIENTES",6
2014,"SAN ANTONIO HUISTA",7
2014,"SAN ANTONIO LA PAZ",11
2014,"SAN ANTONIO SUCHITEPÉQUEZ",82
2014,"SAN BARTOLO",1
2014,"SAN BARTOLOMÉ JOCOTENANGO",1
2014,"SAN BENITO",1
2014,"SAN BERNARDINO",19
2014,"SAN CRISTÓBAL ACASAGUASTLÁN",27
2014,"SAN CRISTÓBAL VERAPAZ",8
2014,"SAN DIEGO",5
2014,"SAN FELIPE",18
2014,"SAN FRANCISCO",22
2014,"SAN FRANCISCO ZAPOTITLÁN",3
2014,"SAN GABRIEL",55
2014,"SAN JACINTO",7
2014,"SAN JERÓNIMO",28
2014,"SAN JORGE",49
2014,"SAN JOSÉ",11
2014,"SAN JOSÉ ACATEMPA",18
2014,"SAN JOSÉ DEL GOLFO",60
2014,"SAN JOSÉ EL IDOLO",5
2014,"SAN JOSÉ LA ARADA",49
2014,"SAN JOSÉ PINULA",2
2014,"SAN JUAN BAUTISTA",7
2014,"SAN JUAN LA ERMITA",5
2014,"SAN JUAN OSTUNCALCO",1
2014,"SAN JUAN SACATEPÉQUEZ",30
2014,"SAN JUAN TECUACO",2
2014,"SAN LORENZO",11
2014,"SAN LUCAS TOLIMÁN",7
2014,"SAN LUIS",10
2014,"SAN LUIS JILOTEPEQUE",9
2014,"SAN MANUEL CHAPARRÓN",6
2014,"SAN MARCOS",23
2014,"SAN MARTÍN JILOTEPEQUE",3
2014,"SAN MARTÍN ZAPOTITLÁN",11
2014,"SAN MIGUEL CHICAJ",14
2014,"SAN MIGUEL DUEÑAS",33
2014,"SAN MIGUEL PANÁN",4
2014,"SAN MIGUEL PETAPA",148
2014,"SAN MIGUEL SIGÜILÁ",1
2014,"SAN PABLO",14
2014,"SAN PABLO JOCOPILAS",8
2014,"SAN PEDRO AYAMPUC",3
2014,"SAN PEDRO CARCHÁ",2
2014,"SAN PEDRO LA LAGUNA",5
2014,"SAN PEDRO NECTA",2
2014,"SAN PEDRO PINULA",17
2014,"SAN PEDRO SACATEPÉQUEZ",4
2014,"SAN RAFAEL LAS FLORES",36
2014,"SAN RAYMUNDO",5
2014,"SAN SEBASTIÁN",33
2014,"SAN VICENTE PACAYA",39
2014,SANARATE,7
2014,SANSARE,6
2014,"SANTA ANA",20
2014,"SANTA ANA HUISTA",8
2014,"SANTA BÁRBARA",2
2014,"SANTA CATARINA BARAHONA",8
2014,"SANTA CATARINA IXTAHUACÁN",36
2014,"SANTA CATARINA MITA",10
2014,"SANTA CRUZ DEL QUICHÉ",1
2014,"SANTA CRUZ MULÚA",13
2014,"SANTA CRUZ NARANJO",2
2014,"SANTA CRUZ VERAPAZ",26
2014,"SANTA LUCÍA COTZUMALGUAPA",34
2014,"SANTA LUCÍA MILPAS ALTAS",3
2014,"SANTA LUCÍA UTATLÁN",1
2014,"SANTA MARÍA CHIQUIMULA",1
2014,"SANTA MARÍA IXHUATÁN",10
2014,"SANTA MARÍA VISITACIÓN",1
2014,"SANTA ROSA DE LIMA",87
2014,"SANTO DOMINGO SUCHITEPÉQUEZ",13
2014,"SANTO TOMÁS LA UNIÓN",39
2014,"SAYAXCHÉ",17
2014,SIBINAL,2
2014,"SIQUINALÁ",37
2014,"TAMAHÚ",4
2014,TAXISCO,41
2014,"TECULUTÁN",78
2014,TIQUISATE,281
2014,"USUMATLÁN",60
2014,"VILLA CANALES",191
2014,"VILLA NUEVA",357
2014,YEPOCAPA,10
2014,YUPILTEPEQUE,1
2014,ZACAPA,807
2014,"ZAPOTITLÁN",13
2014,ZUNILITO,3
2015,ACATENANGO,2
2015,ALOTENANGO,59
2015,"AMATITLÁN",608
2015,"ANTIGUA GUATEMALA",855
2015,"ASUNCIÓN MITA",2
2015,ATESCATEMPA,26
2015,AYUTLA,96
2015,BARBERENA,187
2015,"CABAÑAS",9
2015,"CAHABÓN",62
2015,"CAMOTÁN",23
2015,CASILLAS,49
2015,CATARINA,14
2015,CHAHAL,180
2015,CHAMPERICO,1
2015,CHICACAO,2
2015,"CHICHÉ",3
2015,CHIMALTENANGO,14
2015,CHINAUTLA,195
2015,CHINIQUE,1
2015,CHIQUIMULA,82
2015,CHIQUIMULILLA,169
2015,CHUARRANCHO,40
2015,"CIUDAD VIEJA",38
2015,COATEPEQUE,566
2015,"COBÁN",47
2015,COLOMBA,80
2015,COMAPA,19
2015,"CONCEPCIÓN LAS MINAS",5
2015,CONGUACO,3
2015,CUBULCO,120
2015,CUILAPA,205
2015,CUILCO,2
2015,CUYOTENANGO,21
2015,DOLORES,7
2015,"EL ADELANTO",3
2015,"EL ASINTAL",35
2015,"EL CHAL",20
2015,"EL ESTOR",12
2015,"EL JÍCARO",61
2015,"EL PALMAR",66
2015,"EL PROGRESO",1
2015,"EL QUETZAL",85
2015,"EL RODEO",14
2015,"EL TUMBADOR",118
2015,ESCUINTLA,581
2015,ESQUIPULAS,147
2015,"ESQUIPULAS PALO GORDO",1
2015,ESTANZUELA,82
2015,FLORES,18
2015,"FLORES COSTA CUCA",43
2015,FRAIJANES,1
2015,"FRAY BARTOLOMÉ DE LAS CASAS",65
2015,GRANADOS,9
2015,"GUALÁN",24
2015,GUANAGAZAPA,20
2015,GUASTATOYA,31
2015,GUATEMALA,3148
2015,"GUAZACAPÁN",36
2015,"GÉNOVA",39
2015,"HUITÉ",13
2015,IPALA,36
2015,"IXCÁN",28
2015,IZTAPA,24
2015,JACALTENANGO,100
2015,JALAPA,22
2015,JALPATAGUA,42
2015,JEREZ,3
2015,JOCOTENANGO,6
2015,"JOCOTÁN",29
2015,JOYABAJ,1
2015,JUTIAPA,18
2015,"LA DEMOCRACIA",264
2015,"LA GOMERA",107
2015,"LA LIBERTAD",9
2015,"LA REFORMA",22
2015,"LA TINTA",3
2015,"LA UNIÓN",80
2015,"LANQUÍN",52
2015,"LAS CRUCES",11
2015,LIVINGSTON,18
2015,"LOS AMATES",66
2015,MALACATANCITO,6
2015,"MALACATÁN",239
2015,MASAGUA,109
2015,MAZATENANGO,31
2015,"MELCHOR DE MENCOS",28
2015,MIXCO,2777
2015,MOMOSTENANGO,5
2015,MONJAS,5
2015,MORALES,35
2015,"MORAZÁN",5
2015,MOYUTA,6
2015,"NENTÓN",74
2015,"NUEVA CONCEPCIÓN",76
2015,"NUEVA SANTA ROSA",285
2015,"NUEVO PROGRESO",45
2015,"NUEVO SAN CARLOS",22
2015,"OCÓS",20
2015,OLOPA,3
2015,ORATORIO,21
2015,"PACHALÚN",2
2015,PAJAPITA,28
2015,PALENCIA,3
2015,"PALÍN",61
2015,PANAJACHEL,234
2015,PANZOS,2
2015,PASACO,20
2015,PASTORES,4
2015,PATULUL,5
2015,"PATZICÍA",1
2015,POCHUTA,4
2015,"POPTÚN",91
2015,"PUEBLO NUEVO SUCHITEPÉQUEZ",2
2015,"PUEBLO NUEVO VIÑAS",106
2015,"PUERTO BARRIOS",210
2015,"PUERTO DE SAN JOSÉ",16
2015,QUETZALTENANGO,1
2015,QUETZALTEPEQUE,11
2015,QUEZADA,9
2015,RABINAL,440
2015,RAXRUHA,245
2015,RETALHULEU,177
2015,"RÍO BRAVO",2
2015,"RÍO HONDO",18
2015,SACAPULAS,2
2015,"SALAMÁ",238
2015,SAMAYAC,4
2015,"SAN ANDRÉS",10
2015,"SAN ANDRÉS ITZAPA",1
2015,"SAN ANDRÉS VILLA SECA",38
2015,"SAN ANTONIO AGUAS CALIENTES",20
2015,"SAN ANTONIO HUISTA",55
2015,"SAN ANTONIO LA PAZ",5
2015,"SAN ANTONIO PALOPÓ",1
2015,"SAN BENITO",31
2015,"SAN CARLOS ALZATATE",10
2015,"SAN CRISTÓBAL ACASAGUASTLÁN",1
2015,"SAN CRISTÓBAL VERAPAZ",2
2015,"SAN DIEGO",28
2015,"SAN FELIPE",11
2015,"SAN FRANCISCO",107
2015,"SAN FRANCISCO ZAPOTITLÁN",2
2015,"SAN JERÓNIMO",51
2015,"SAN JORGE",5
2015,"SAN JOSÉ ACATEMPA",14
2015,"SAN JOSÉ DEL GOLFO",18
2015,"SAN JOSÉ EL IDOLO",1
2015,"SAN JOSÉ LA ARADA",11
2015,"SAN JOSÉ PINULA",3
2015,"SAN JOSÉ POAQUIL",5
2015,"SAN JUAN BAUTISTA",1
2015,"SAN JUAN OSTUNCALCO",1
2015,"SAN JUAN SACATEPÉQUEZ",429
2015,"SAN JUAN TECUACO",13
2015,"SAN LUCAS TOLIMÁN",196
2015,"SAN LUIS",11
2015,"SAN LUIS JILOTEPEQUE",2
2015,"SAN MARCOS",6
2015,"SAN MARTÍN ZAPOTITLÁN",20
2015,"SAN MIGUEL CHICAJ",67
2015,"SAN MIGUEL DUEÑAS",18
2015,"SAN MIGUEL PETAPA",157
2015,"SAN MIGUEL USPANTÁN",4
2015,"SAN PABLO",54
2015,"SAN PEDRO AYAMPUC",195
2015,"SAN PEDRO CARCHÁ",13
2015,"SAN PEDRO NECTA",4
2015,"SAN PEDRO PINULA",4
2015,"SAN PEDRO SACATEPÉQUEZ",20
2015,"SAN RAFAEL LAS FLORES",40
2015,"SAN RAFAEL PIÉ DE LA CUESTA",1
2015,"SAN RAYMUNDO",28
2015,"SAN SEBASTIÁN",7
2015,"SAN VICENTE PACAYA",47
2015,SANARATE,5
2015,SANSARE,3
2015,"SANTA ANA",11
2015,"SANTA ANA HUISTA",6
2015,"SANTA BÁRBARA",8
2015,"SANTA CATARINA BARAHONA",29
2015,"SANTA CATARINA IXTAHUACÁN",31
2015,"SANTA CATARINA MITA",41
2015,"SANTA CRUZ DEL QUICHÉ",1
2015,"SANTA CRUZ MULÚA",11
2015,"SANTA CRUZ NARANJO",4
2015,"SANTA CRUZ VERAPAZ",13
2015,"SANTA LUCÍA COTZUMALGUAPA",265
2015,"SANTA ROSA DE LIMA",39
2015,"SANTIAGO ATITLÁN",16
2015,"SANTO TOMÁS LA UNIÓN",15
2015,"SAYAXCHÉ",17
2015,SIBINAL,6
2015,"SIQUINALÁ",19
2015,"SOLOLÁ",2
2015,TACTIC,1
2015,TAXISCO,8
2015,"TECULUTÁN",21
2015,TEJUTLA,1
2015,TIQUISATE,142
2015,"UNION CANTINIL",1
2015,"USUMATLÁN",3
2015,"VILLA CANALES",122
2015,"VILLA NUEVA",711
2015,YEPOCAPA,18
2015,ZACAPA,103
2015,ZACUALPA,1
2015,"ZAPOTITLÁN",36
2016,ALOTENANGO,6
2016,"AMATITLÁN",135
2016,"ANTIGUA GUATEMALA",939
2016,"ASUNCIÓN MITA",2
2016,ATESCATEMPA,2
2016,AYUTLA,20
2016,BARBERENA,114
2016,"CABAÑAS",2
2016,"CAHABÓN",76
2016,"CAJOLÁ",2
2016,"CAMOTÁN",31
2016,"CANILLÁ",181
2016,CASILLAS,60
2016,CHAHAL,218
2016,CHAMPERICO,1
2016,CHICACAO,5
2016,CHIMALTENANGO,2
2016,CHINAUTLA,13
2016,CHIQUIMULA,7
2016,CHIQUIMULILLA,29
2016,CHISEC,8
2016,CHUARRANCHO,92
2016,"CIUDAD VIEJA",23
2016,COATEPEQUE,93
2016,"COBÁN",43
2016,COLOMBA,159
2016,COMAPA,24
2016,"CONCEPCIÓN HUISTA",6
2016,"CONCEPCIÓN LAS MINAS",9
2016,CONGUACO,9
2016,CUBULCO,33
2016,CUILAPA,150
2016,CUILCO,13
2016,CUYOTENANGO,8
2016,DOLORES,5
2016,"EL ADELANTO",8
2016,"EL ASINTAL",11
2016,"EL CHAL",5
2016,"EL CHOL",2
2016,"EL ESTOR",43
2016,"EL JÍCARO",12
2016,"EL PALMAR",54
2016,"EL PROGRESO",1
2016,"EL QUETZAL",39
2016,"EL RODEO",4
2016,"EL TUMBADOR",22
2016,ESCUINTLA,119
2016,ESQUIPULAS,25
2016,ESTANZUELA,11
2016,FLORES,8
2016,"FLORES COSTA CUCA",33
2016,"FRAY BARTOLOMÉ DE LAS CASAS",90
2016,"GUALÁN",36
2016,GUANAGAZAPA,23
2016,GUASTATOYA,26
2016,GUATEMALA,1067
2016,"GUAZACAPÁN",5
2016,"GÉNOVA",14
2016,HUEHUETENANGO,2
2016,"HUITÉ",3
2016,IPALA,12
2016,"IXCÁN",28
2016,IZTAPA,1
2016,JACALTENANGO,315
2016,JALAPA,44
2016,JALPATAGUA,7
2016,JEREZ,2
2016,JOCOTENANGO,1
2016,"JOCOTÁN",33
2016,JOYABAJ,29
2016,JUTIAPA,8
2016,"LA DEMOCRACIA",82
2016,"LA GOMERA",66
2016,"LA LIBERTAD",5
2016,"LA REFORMA",3
2016,"LA TINTA",5
2016,"LA UNIÓN",1
2016,"LANQUÍN",23
2016,"LAS CRUCES",11
2016,LIVINGSTON,37
2016,"LOS AMATES",15
2016,MALACATANCITO,7
2016,"MALACATÁN",77
2016,MASAGUA,13
2016,MAZATENANGO,1
2016,"MELCHOR DE MENCOS",22
2016,MIXCO,1230
2016,MOMOSTENANGO,1
2016,MONJAS,1
2016,MORALES,14
2016,"MORAZÁN",2
2016,MOYUTA,3
2016,"NENTÓN",67
2016,"NUEVA CONCEPCIÓN",30
2016,"NUEVA SANTA ROSA",76
2016,"NUEVO PROGRESO",10
2016,"NUEVO SAN CARLOS",3
2016,"OCÓS",11
2016,OLOPA,9
2016,ORATORIO,17
2016,"PACHALÚN",32
2016,PAJAPITA,3
2016,PALENCIA,3
2016,"PALÍN",26
2016,PANAJACHEL,32
2016,PANZOS,11
2016,PATULUL,6
2016,"POPTÚN",61
2016,"PUEBLO NUEVO VIÑAS",149
2016,"PUERTO BARRIOS",94
2016,"PUERTO DE SAN JOSÉ",11
2016,QUETZALTENANGO,1
2016,QUETZALTEPEQUE,8
2016,QUEZADA,12
2016,RABINAL,76
2016,RAXRUHA,5
2016,RETALHULEU,31
2016,"RÍO HONDO",2
2016,SACAPULAS,2
2016,SAMAYAC,5
2016,"SAN AGUSTÍN ACASAGUASTLÁN",1
2016,"SAN ANDRÉS",3
2016,"SAN ANDRÉS SAJCABAJÁ",7
2016,"SAN ANDRÉS SEMETABAJ",2
2016,"SAN ANDRÉS VILLA SECA",7
2016,"SAN ANTONIO AGUAS CALIENTES",2
2016,"SAN ANTONIO HUISTA",160
2016,"SAN ANTONIO ILOTENANGO",2
2016,"SAN ANTONIO LA PAZ",6
2016,"SAN ANTONIO PALOPÓ",1
2016,"SAN BARTOLOMÉ JOCOTENANGO",1
2016,"SAN BENITO",31
2016,"SAN CRISTÓBAL ACASAGUASTLÁN",2
2016,"SAN CRISTÓBAL VERAPAZ",44
2016,"SAN DIEGO",15
2016,"SAN FELIPE",4
2016,"SAN FRANCISCO",4
2016,"SAN FRANCISCO ZAPOTITLÁN",2
2016,"SAN JERÓNIMO",7
2016,"SAN JORGE",3
2016,"SAN JOSÉ",1
2016,"SAN JOSÉ ACATEMPA",1
2016,"SAN JOSÉ DEL GOLFO",7
2016,"SAN JOSÉ EL IDOLO",5
2016,"SAN JOSÉ LA ARADA",13
2016,"SAN JOSÉ PINULA",1
2016,"SAN JOSÉ POAQUIL",8
2016,"SAN JUAN CHAMELCO",2
2016,"SAN JUAN LA ERMITA",31
2016,"SAN JUAN LA LAGUNA",2
2016,"SAN JUAN SACATEPÉQUEZ",73
2016,"SAN JUAN TECUACO",1
2016,"SAN LUCAS TOLIMÁN",7
2016,"SAN LUIS",22
2016,"SAN LUIS JILOTEPEQUE",13
2016,"SAN MANUEL CHAPARRÓN",6
2016,"SAN MARCOS",10
2016,"SAN MARTÍN JILOTEPEQUE",2
2016,"SAN MARTÍN ZAPOTITLÁN",15
2016,"SAN MIGUEL DUEÑAS",11
2016,"SAN MIGUEL PETAPA",46
2016,"SAN MIGUEL USPANTÁN",3
2016,"SAN PABLO",44
2016,"SAN PABLO JOCOPILAS",1
2016,"SAN PEDRO AYAMPUC",51
2016,"SAN PEDRO LA LAGUNA",1
2016,"SAN PEDRO NECTA",2
2016,"SAN PEDRO PINULA",9
2016,"SAN PEDRO SACATEPÉQUEZ",8
2016,"SAN RAFAEL LAS FLORES",15
2016,"SAN RAFAEL PIÉ DE LA CUESTA",1
2016,"SAN RAYMUNDO",32
2016,"SAN SEBASTIÁN",2
2016,"SAN VICENTE PACAYA",28
2016,SANARATE,1
2016,SANSARE,8
2016,"SANTA ANA",11
2016,"SANTA ANA HUISTA",18
2016,"SANTA CATARINA BARAHONA",1
2016,"SANTA CATARINA IXTAHUACÁN",11
2016,"SANTA CATARINA MITA",22
2016,"SANTA CATARINA PALOPÓ",1
2016,"SANTA CRUZ DEL QUICHÉ",2
2016,"SANTA CRUZ MULÚA",4
2016,"SANTA CRUZ NARANJO",8
2016,"SANTA CRUZ VERAPAZ",18
2016,"SANTA LUCÍA COTZUMALGUAPA",20
2016,"SANTA ROSA DE LIMA",22
2016,"SANTIAGO ATITLÁN",327
2016,"SANTO DOMINGO SUCHITEPÉQUEZ",1
2016,"SANTO TOMÁS LA UNIÓN",17
2016,"SAYAXCHÉ",31
2016,SIBINAL,4
2016,"SIQUINALÁ",18
2016,"TACANÁ",1
2016,TACTIC,2
2016,TAXISCO,10
2016,"TECULUTÁN",5
2016,TIQUISATE,110
2016,"TUCURÚ",1
2016,"USUMATLÁN",1
2016,"VILLA CANALES",87
2016,"VILLA NUEVA",365
2016,YEPOCAPA,28
2016,ZACAPA,7
2016,ZACUALPA,1
2017,"AGUA BLANCA",1
2017,"AGUACATÁN",1
2017,"AMATITLÁN",18
2017,"ANTIGUA GUATEMALA",297
2017,"ASUNCIÓN MITA",3
2017,AYUTLA,61
2017,BARBERENA,13
2017,BARILLAS,1
2017,"CABAÑAS",87
2017,"CAHABÓN",3
2017,"CAMOTÁN",51
2017,"CANILLÁ",33
2017,CASILLAS,34
2017,CATARINA,90
2017,CHAHAL,47
2017,CHIQUIMULA,21
2017,CHIQUIMULILLA,8
2017,CHISEC,1
2017,"CIUDAD VIEJA",2
2017,COATEPEQUE,141
2017,"COBÁN",5
2017,COLOMBA,34
2017,COMAPA,4
2017,"CONCEPCIÓN HUISTA",3
2017,"CONCEPCIÓN LAS MINAS",12
2017,CONGUACO,1
2017,CUBULCO,9
2017,CUILAPA,41
2017,CUILCO,17
2017,CUYOTENANGO,1
2017,DOLORES,12
2017,"EL ADELANTO",2
2017,"EL ASINTAL",4
2017,"EL CHAL",14
2017,"EL ESTOR",54
2017,"EL JÍCARO",6
2017,"EL PALMAR",25
2017,"EL QUETZAL",8
2017,"EL RODEO",1
2017,"EL TUMBADOR",15
2017,ESCUINTLA,43
2017,ESQUIPULAS,80
2017,"ESQUIPULAS PALO GORDO",1
2017,ESTANZUELA,110
2017,"FLORES COSTA CUCA",14
2017,FRAIJANES,1
2017,"FRAY BARTOLOMÉ DE LAS CASAS",61
2017,"GUALÁN",32
2017,GUANAGAZAPA,23
2017,GUASTATOYA,103
2017,GUATEMALA,399
2017,"GUAZACAPÁN",3
2017,"GÉNOVA",20
2017,HUEHUETENANGO,4
2017,"HUITÉ",2
2017,IPALA,18
2017,"IXCÁN",6
2017,IZTAPA,8
2017,JACALTENANGO,27
2017,JALAPA,47
2017,JALPATAGUA,27
2017,JEREZ,2
2017,JOCOTENANGO,9
2017,"JOCOTÁN",138
2017,JUTIAPA,8
2017,"LA DEMOCRACIA",76
2017,"LA GOMERA",16
2017,"LA LIBERTAD",7
2017,"LA REFORMA",4
2017,"LA TINTA",4
2017,"LANQUÍN",6
2017,"LAS CRUCES",3
2017,LIVINGSTON,33
2017,"LOS AMATES",8
2017,"MALACATÁN",44
2017,MASAGUA,11
2017,"MELCHOR DE MENCOS",22
2017,MIXCO,71
2017,MORALES,14
2017,"MORAZÁN",2
2017,"NENTÓN",52
2017,"NUEVA CONCEPCIÓN",29
2017,"NUEVA SANTA ROSA",11
2017,"NUEVO PROGRESO",4
2017,"OCÓS",4
2017,OLINTEPEQUE,2
2017,OLOPA,7
2017,ORATORIO,4
2017,"PACHALÚN",55
2017,"PALÍN",15
2017,PANZOS,1
2017,PARRAMOS,3
2017,PASTORES,7
2017,PATULUL,1
2017,"PATZICÍA",3
2017,POCHUTA,1
2017,"POPTÚN",3
2017,"PUEBLO NUEVO VIÑAS",49
2017,"PUERTO BARRIOS",113
2017,"PUERTO DE SAN JOSÉ",19
2017,"PURULHÁ",1
2017,QUETZALTENANGO,1
2017,QUETZALTEPEQUE,2
2017,QUEZADA,4
2017,RABINAL,37
2017,RAXRUHA,34
2017,RETALHULEU,10
2017,"RÍO HONDO",5
2017,"SALAMÁ",3
2017,SAMAYAC,13
2017,"SAN ANDRÉS",3
2017,"SAN ANDRÉS VILLA SECA",2
2017,"SAN ANDRÉS XECUL",1
2017,"SAN ANTONIO AGUAS CALIENTES",1
2017,"SAN ANTONIO HUISTA",31
2017,"SAN ANTONIO SUCHITEPÉQUEZ",1
2017,"SAN BENITO",17
2017,"SAN CRISTÓBAL VERAPAZ",3
2017,"SAN DIEGO",7
2017,"SAN FELIPE",4
2017,"SAN FRANCISCO",1
2017,"SAN JACINTO",3
2017,"SAN JERÓNIMO",33
2017,"SAN JORGE",10
2017,"SAN JOSÉ",1
2017,"SAN JOSÉ ACATEMPA",1
2017,"SAN JOSÉ DEL GOLFO",7
2017,"SAN JOSÉ LA ARADA",20
2017,"SAN JOSÉ POAQUIL",2
2017,"SAN JUAN CHAMELCO",2
2017,"SAN JUAN LA ERMITA",58
2017,"SAN JUAN LA LAGUNA",1
2017,"SAN JUAN SACATEPÉQUEZ",10
2017,"SAN LUCAS TOLIMÁN",7
2017,"SAN LUIS",4
2017,"SAN LUIS JILOTEPEQUE",32
2017,"SAN MANUEL CHAPARRÓN",1
2017,"SAN MARCOS LA LAGUNA",1
2017,"SAN MARTÍN ZAPOTITLÁN",2
2017,"SAN MIGUEL CHICAJ",36
2017,"SAN MIGUEL PETAPA",6
2017,"SAN MIGUEL USPANTÁN",2
2017,"SAN PABLO",77
2017,"SAN PABLO JOCOPILAS",1
2017,"SAN PEDRO AYAMPUC",7
2017,"SAN PEDRO NECTA",2
2017,"SAN PEDRO PINULA",33
2017,"SAN RAFAEL LAS FLORES",13
2017,"SAN RAYMUNDO",7
2017,"SAN SEBASTIÁN",2
2017,"SAN VICENTE PACAYA",8
2017,SANARATE,1
2017,SANSARE,1
2017,"SANTA ANA",7
2017,"SANTA ANA HUISTA",14
2017,"SANTA CATARINA BARAHONA",4
2017,"SANTA CATARINA IXTAHUACÁN",2
2017,"SANTA CATARINA MITA",8
2017,"SANTA CRUZ LA LAGUNA",1
2017,"SANTA CRUZ MULÚA",2
2017,"SANTA CRUZ VERAPAZ",3
2017,"SANTA LUCÍA COTZUMALGUAPA",14
2017,"SANTA ROSA DE LIMA",12
2017,"SANTO DOMINGO SUCHITEPÉQUEZ",1
2017,"SAYAXCHÉ",20
2017,SIBINAL,1
2017,SIPACATE,1
2017,"SIQUINALÁ",4
2017,TAJUMULCO,1
2017,TAXISCO,4
2017,"TECULUTÁN",102
2017,TIQUISATE,50
2017,"TUCURÚ",1
2017,"USUMATLÁN",14
2017,"VILLA CANALES",6
2017,"VILLA NUEVA",18
2017,YEPOCAPA,16
2017,ZACAPA,262
2017,"ZAPOTITLÁN",2
2018,ACATENANGO,1
2018,"AGUA BLANCA",10
2018,ALOTENANGO,3
2018,"AMATITLÁN",9
2018,"ANTIGUA GUATEMALA",67
2018,"ASUNCIÓN MITA",21
2018,ATESCATEMPA,20
2018,AYUTLA,71
2018,BARBERENA,7
2018,BARILLAS,3
2018,"CABAÑAS",32
2018,"CAHABÓN",2
2018,"CAMOTÁN",11
2018,CATARINA,125
2018,CHAHAL,9
2018,CHIMALTENANGO,1
2018,CHINAUTLA,1
2018,CHIQUIMULA,23
2018,CHIQUIMULILLA,1
2018,CHUARRANCHO,6
2018,"CIUDAD VIEJA",2
2018,COATEPEQUE,1893
2018,"COBÁN",12
2018,COLOMBA,49
2018,COMAPA,3
2018,"CONCEPCIÓN LAS MINAS",10
2018,CONGUACO,2
2018,CUBULCO,100
2018,CUILAPA,111
2018,CUYOTENANGO,2
2018,DOLORES,37
2018,"EL ASINTAL",3
2018,"EL CHAL",24
2018,"EL ESTOR",114
2018,"EL JÍCARO",10
2018,"EL PALMAR",40
2018,"EL QUETZAL",16
2018,"EL TUMBADOR",57
2018,ESCUINTLA,66
2018,ESQUIPULAS,68
2018,ESTANZUELA,34
2018,"FLORES COSTA CUCA",101
2018,"FRAY BARTOLOMÉ DE LAS CASAS",77
2018,"GUALÁN",62
2018,GUANAGAZAPA,53
2018,GUASTATOYA,71
2018,GUATEMALA,413
2018,"GÉNOVA",447
2018,HUEHUETENANGO,6
2018,"HUITÉ",5
2018,IPALA,5
2018,"IXCÁN",230
2018,IZTAPA,10
2018,JACALTENANGO,20
2018,JALAPA,18
2018,JALPATAGUA,4
2018,JEREZ,1
2018,"JOCOTÁN",58
2018,JOYABAJ,7
2018,JUTIAPA,9
2018,"LA DEMOCRACIA",115
2018,"LA ESPERANZA",1
2018,"LA GOMERA",9
2018,"LA LIBERTAD",13
2018,"LA REFORMA",5
2018,"LA TINTA",2
2018,"LA UNIÓN",10
2018,"LANQUÍN",2
2018,"LAS CRUCES",9
2018,LIVINGSTON,94
2018,"LOS AMATES",36
2018,"MALACATÁN",71
2018,MASAGUA,56
2018,MAZATENANGO,114
2018,"MELCHOR DE MENCOS",12
2018,MIXCO,72
2018,MORALES,135
2018,MOYUTA,39
2018,"NUEVA CONCEPCIÓN",38
2018,"NUEVO PROGRESO",40
2018,"OCÓS",26
2018,OLOPA,4
2018,"PACHALÚN",2
2018,PALENCIA,1
2018,"PALÍN",25
2018,PANAJACHEL,1
2018,PARRAMOS,1
2018,PASACO,5
2018,PASTORES,1
2018,PATULUL,1
2018,"PATZICÍA",1
2018,POCHUTA,1
2018,"POPTÚN",58
2018,"PUEBLO NUEVO VIÑAS",6
2018,"PUERTO BARRIOS",363
2018,"PUERTO DE SAN JOSÉ",44
2018,QUETZALTENANGO,2
2018,QUETZALTEPEQUE,12
2018,QUEZADA,4
2018,RABINAL,28
2018,RAXRUHA,28
2018,RETALHULEU,148
2018,"RÍO HONDO",12
2018,SACAPULAS,1
2018,"SALAMÁ",155
2018,SAMAYAC,11
2018,"SAN AGUSTÍN ACASAGUASTLÁN",28
2018,"SAN ANDRÉS",1
2018,"SAN ANDRÉS VILLA SECA",1
2018,"SAN ANTONIO AGUAS CALIENTES",1
2018,"SAN ANTONIO HUISTA",13
2018,"SAN ANTONIO LA PAZ",3
2018,"SAN ANTONIO SUCHITEPÉQUEZ",8
2018,"SAN BENITO",46
2018,"SAN CRISTÓBAL ACASAGUASTLÁN",8
2018,"SAN CRISTÓBAL CUCHO",1
2018,"SAN CRISTÓBAL VERAPAZ",1
2018,"SAN DIEGO",9
2018,"SAN FELIPE",5
2018,"SAN GABRIEL",1
2018,"SAN JACINTO",1
2018,"SAN JERÓNIMO",39
2018,"SAN JOSÉ",3
2018,"SAN JOSÉ ACATEMPA",6
2018,"SAN JOSÉ DEL GOLFO",13
2018,"SAN JOSÉ LA ARADA",10
2018,"SAN JOSÉ POAQUIL",2
2018,"SAN JUAN LA ERMITA",21
2018,"SAN JUAN SACATEPÉQUEZ",22
2018,"SAN LUCAS TOLIMÁN",1
2018,"SAN LUIS",17
2018,"SAN LUIS JILOTEPEQUE",23
2018,"SAN MANUEL CHAPARRÓN",5
2018,"SAN MARCOS",3
2018,"SAN MARTÍN JILOTEPEQUE",5
2018,"SAN MARTÍN ZAPOTITLÁN",1
2018,"SAN MIGUEL CHICAJ",23
2018,"SAN MIGUEL DUEÑAS",7
2018,"SAN MIGUEL PETAPA",7
2018,"SAN MIGUEL USPANTÁN",1
2018,"SAN PABLO",69
2018,"SAN PABLO JOCOPILAS",2
2018,"SAN PEDRO AYAMPUC",3
2018,"SAN PEDRO CARCHÁ",1
2018,"SAN PEDRO PINULA",3
2018,"SAN PEDRO SACATEPÉQUEZ",1
2018,"SAN RAFAEL LAS FLORES",15
2018,"SAN RAFAEL PIÉ DE LA CUESTA",1
2018,"SAN RAYMUNDO",1
2018,"SAN SEBASTIÁN",2
2018,"SAN VICENTE PACAYA",7
2018,SANARATE,1
2018,SANSARE,7
2018,"SANTA ANA",1
2018,"SANTA ANA HUISTA",6
2018,"SANTA CATARINA BARAHONA",6
2018,"SANTA CATARINA PINULA",1
2018,"SANTA CRUZ DEL QUICHÉ",1
2018,"SANTA CRUZ MULÚA",3
2018,"SANTA CRUZ VERAPAZ",3
2018,"SANTA LUCÍA COTZUMALGUAPA",98
2018,"SANTA ROSA DE LIMA",8
2018,"SANTIAGO ATITLÁN",1
2018,"SANTO DOMINGO SUCHITEPÉQUEZ",4
2018,"SANTO TOMÁS LA UNIÓN",13
2018,"SAYAXCHÉ",15
2018,"SENAHÚ",1
2018,SIBINAL,1
2018,SIPACATE,28
2018,"SIQUINALÁ",27
2018,TAXISCO,1
2018,"TECPÁN GUATEMALA",1
2018,"TECULUTÁN",62
2018,TIQUISATE,47
2018,"TUCURÚ",3
2018,"USUMATLÁN",31
2018,"VILLA CANALES",10
2018,"VILLA NUEVA",18
2018,YEPOCAPA,7
2018,YUPILTEPEQUE,1
2018,ZACAPA,181
2018,ZUNILITO,8
2019,ACATENANGO,2
2019,"AGUACATÁN",235
2019,ALOTENANGO,18
2019,"AMATITLÁN",449
2019,"ANTIGUA GUATEMALA",587
2019,"ASUNCIÓN MITA",107
2019,ATESCATEMPA,61
2019,AYUTLA,165
2019,BARBERENA,259
2019,BARILLAS,473
2019,"CABAÑAS",64
2019,"CAHABÓN",441
2019,"CAMOTÁN",190
2019,"CANILLÁ",34
2019,CANTEL,1
2019,CASILLAS,18
2019,CATARINA,98
2019,CHAHAL,238
2019,CHAJUL,1
2019,CHAMPERICO,31
2019,CHICACAO,9
2019,"CHICAMÁN",26
2019,CHICHICASTENANGO,1
2019,"CHICHÉ",3
2019,CHIMALTENANGO,4
2019,CHINAUTLA,258
2019,CHIQUIMULA,1356
2019,CHIQUIMULILLA,5
2019,CHISEC,184
2019,CHUARRANCHO,32
2019,"CIUDAD VIEJA",5
2019,COATEPEQUE,2599
2019,"COBÁN",360
2019,COLOMBA,85
2019,COLOTENANGO,109
2019,COMAPA,7
2019,"CONCEPCIÓN HUISTA",5
2019,"CONCEPCIÓN LAS MINAS",29
2019,CONGUACO,20
2019,CUBULCO,178
2019,CUILAPA,1181
2019,CUILCO,521
2019,"CUNÉN",1
2019,CUYOTENANGO,12
2019,DOLORES,158
2019,"EL ADELANTO",11
2019,"EL ASINTAL",78
2019,"EL CHAL",56
2019,"EL CHOL",36
2019,"EL ESTOR",246
2019,"EL JÍCARO",25
2019,"EL PALMAR",194
2019,"EL PROGRESO",16
2019,"EL QUETZAL",49
2019,"EL TEJAR",12
2019,"EL TUMBADOR",187
2019,ESCUINTLA,500
2019,ESQUIPULAS,164
2019,ESTANZUELA,17
2019,FLORES,164
2019,"FLORES COSTA CUCA",536
2019,FRAIJANES,105
2019,"FRAY BARTOLOMÉ DE LAS CASAS",548
2019,GRANADOS,253
2019,"GUALÁN",357
2019,GUANAGAZAPA,74
2019,GUASTATOYA,157
2019,GUATEMALA,2894
2019,"GUAZACAPÁN",12
2019,"GÉNOVA",328
2019,HUEHUETENANGO,526
2019,"HUITÉ",12
2019,IPALA,21
2019,"IXCÁN",446
2019,IZTAPA,22
2019,JACALTENANGO,1658
2019,JALAPA,519
2019,JALPATAGUA,44
2019,JEREZ,56
2019,"JOCOTÁN",412
2019,JOYABAJ,554
2019,JUTIAPA,2259
2019,"LA DEMOCRACIA",922
2019,"LA GOMERA",51
2019,"LA LIBERTAD",614
2019,"LA REFORMA",8
2019,"LA TINTA",11
2019,"LA UNIÓN",65
2019,"LANQUÍN",55
2019,"LAS CRUCES",215
2019,LIVINGSTON,126
2019,"LOS AMATES",43
2019,MALACATANCITO,22
2019,"MALACATÁN",347
2019,MASAGUA,89
2019,MATAQUESCUINTLA,9
2019,MAZATENANGO,896
2019,"MELCHOR DE MENCOS",95
2019,MIXCO,660
2019,MONJAS,4
2019,MORALES,265
2019,MOYUTA,56
2019,"NAHUALÁ",4
2019,"NENTÓN",185
2019,"NUEVA CONCEPCIÓN",176
2019,"NUEVA SANTA ROSA",502
2019,"NUEVO PROGRESO",44
2019,"NUEVO SAN CARLOS",4
2019,"OCÓS",83
2019,OLOPA,4
2019,ORATORIO,19
2019,"PACHALÚN",191
2019,PAJAPITA,1
2019,PALENCIA,143
2019,"PALÍN",127
2019,PANAJACHEL,5
2019,PANZOS,7
2019,PARRAMOS,7
2019,PASACO,30
2019,PASTORES,8
2019,PATULUL,20
2019,"PATZICÍA",1
2019,"PETATÁN",14
2019,POCHUTA,6
2019,"POPTÚN",4437
2019,"PUEBLO NUEVO SUCHITEPÉQUEZ",16
2019,"PUEBLO NUEVO VIÑAS",57
2019,"PUERTO BARRIOS",1087
2019,"PUERTO DE SAN JOSÉ",119
2019,"PURULHÁ",14
2019,QUETZALTENANGO,39
2019,QUETZALTEPEQUE,50
2019,QUEZADA,20
2019,RABINAL,214
2019,RAXRUHA,134
2019,RETALHULEU,801
2019,"RÍO BRAVO",8
2019,"RÍO HONDO",6
2019,SACAPULAS,233
2019,"SALAMÁ",2193
2019,SAMAYAC,8
2019,"SAN AGUSTÍN ACASAGUASTLÁN",8
2019,"SAN ANDRÉS",5
2019,"SAN ANDRÉS ITZAPA",3
2019,"SAN ANDRÉS SAJCABAJÁ",138
2019,"SAN ANDRÉS VILLA SECA",22
2019,"SAN ANTONIO AGUAS CALIENTES",11
2019,"SAN ANTONIO HUISTA",498
2019,"SAN ANTONIO LA PAZ",10
2019,"SAN ANTONIO SUCHITEPÉQUEZ",137
2019,"SAN BARTOLO",1
2019,"SAN BARTOLOMÉ JOCOTENANGO",41
2019,"SAN BARTOLOMÉ MILPAS ALTAS",1
2019,"SAN BENITO",353
2019,"SAN BERNARDINO",1
2019,"SAN CARLOS ALZATATE",5
2019,"SAN CRISTÓBAL ACASAGUASTLÁN",22
2019,"SAN CRISTÓBAL VERAPAZ",223
2019,"SAN DIEGO",19
2019,"SAN FELIPE",18
2019,"SAN FRANCISCO",65
2019,"SAN GASPAR IXCHIL",102
2019,"SAN ILDELFONSO IXTAHUACÁN",121
2019,"SAN JACINTO",16
2019,"SAN JERÓNIMO",259
2019,"SAN JORGE",132
2019,"SAN JOSÉ",6
2019,"SAN JOSÉ ACATEMPA",43
2019,"SAN JOSÉ DEL GOLFO",480
2019,"SAN JOSÉ LA ARADA",28
2019,"SAN JOSÉ PINULA",13
2019,"SAN JOSÉ POAQUIL",5
2019,"SAN JUAN ATITÁN",5
2019,"SAN JUAN BAUTISTA",2
2019,"SAN JUAN CHAMELCO",161
2019,"SAN JUAN COMALAPA",2
2019,"SAN JUAN LA ERMITA",73
2019,"SAN JUAN LA LAGUNA",3
2019,"SAN JUAN SACATEPÉQUEZ",115
2019,"SAN JUAN TECUACO",1
2019,"SAN LORENZO",8
2019,"SAN LUCAS SACATEPÉQUEZ",11
2019,"SAN LUCAS TOLIMÁN",16
2019,"SAN LUIS",197
2019,"SAN LUIS JILOTEPEQUE",293
2019,"SAN MANUEL CHAPARRÓN",16
2019,"SAN MARCOS",35
2019,"SAN MARTÍN JILOTEPEQUE",20
2019,"SAN MIGUEL CHICAJ",93
2019,"SAN MIGUEL DUEÑAS",17
2019,"SAN MIGUEL PETAPA",33
2019,"SAN MIGUEL USPANTÁN",41
2019,"SAN PABLO",95
2019,"SAN PABLO JOCOPILAS",1
2019,"SAN PEDRO AYAMPUC",126
2019,"SAN PEDRO CARCHÁ",406
2019,"SAN PEDRO JOCOPILAS",1
2019,"SAN PEDRO LA LAGUNA",23
2019,"SAN PEDRO NECTA",450
2019,"SAN PEDRO PINULA",14
2019,"SAN PEDRO SACATEPÉQUEZ",19
2019,"SAN PEDRO SOLOMA",1
2019,"SAN RAFAEL LA INDEPENDENCIA",1
2019,"SAN RAFAEL LAS FLORES",239
2019,"SAN RAFAEL PIÉ DE LA CUESTA",3
2019,"SAN RAYMUNDO",13
2019,"SAN SEBASTIÁN",12
2019,"SAN SEBASTIÁN HUEHUETENANGO",15
2019,"SAN VICENTE PACAYA",32
2019,SANSARE,18
2019,"SANTA ANA",29
2019,"SANTA ANA HUISTA",266
2019,"SANTA BÁRBARA",1
2019,"SANTA CATARINA BARAHONA",10
2019,"SANTA CATARINA IXTAHUACÁN",128
2019,"SANTA CATARINA PINULA",8
2019,"SANTA CRUZ DEL QUICHÉ",10
2019,"SANTA CRUZ MULÚA",13
2019,"SANTA CRUZ NARANJO",5
2019,"SANTA CRUZ VERAPAZ",132
2019,"SANTA LUCÍA COTZUMALGUAPA",104
2019,"SANTA LUCÍA LA REFORMA",1
2019,"SANTA LUCÍA MILPAS ALTAS",3
2019,"SANTA LUCÍA UTATLÁN",1
2019,"SANTA MARÍA CHIQUIMULA",1
2019,"SANTA MARÍA IXHUATÁN",11
2019,"SANTA ROSA DE LIMA",44
2019,"SANTIAGO ATITLÁN",259
2019,"SANTIAGO CHIMALTENANGO",2
2019,"SANTIAGO SACATEPÉQUEZ",1
2019,"SANTO DOMINGO SUCHITEPÉQUEZ",12
2019,"SANTO TOMÁS LA UNIÓN",25
2019,"SAYAXCHÉ",1047
2019,"SENAHÚ",76
2019,SIPACATE,28
2019,"SIQUINALÁ",41
2019,"SOLOLÁ",1
2019,TACTIC,4
2019,TAXISCO,59
2019,"TECPÁN GUATEMALA",4
2019,"TECTITÁN",5
2019,"TECULUTÁN",119
2019,TEJUTLA,1
2019,TIQUISATE,479
2019,"TODOS SANTOS CUCHUMATÁN",1
2019,"TUCURÚ",418
2019,"UNION CANTINIL",6
2019,"USUMATLÁN",20
2019,"VILLA CANALES",114
2019,"VILLA NUEVA",540
2019,YEPOCAPA,92
2019,YUPILTEPEQUE,8
2019,ZACAPA,1286
2019,ZACUALPA,3
2019,"ZAPOTITLÁN",2
2019,ZUNILITO,42
2020,"AGUA BLANCA",1
2020,"AGUACATÁN",34
2020,ALOTENANGO,9
2020,"AMATITLÁN",80
2020,"ANTIGUA GUATEMALA",185
2020,"ASUNCIÓN MITA",5
2020,ATESCATEMPA,9
2020,AYUTLA,86
2020,BARBERENA,76
2020,BARILLAS,11
2020,"CABAÑAS",3
2020,"CAHABÓN",1
2020,"CAMOTÁN",22
2020,"CANILLÁ",11
2020,CASILLAS,6
2020,CATARINA,6
2020,CHAHAL,17
2020,CHAMPERICO,2
2020,CHIANTLA,1
2020,CHICACAO,1
2020,"CHICAMÁN",2
2020,CHIMALTENANGO,18
2020,CHINAUTLA,7
2020,CHINIQUE,1
2020,CHIQUIMULA,83
2020,CHIQUIMULILLA,5
2020,CHISEC,13
2020,CHUARRANCHO,13
2020,"CIUDAD VIEJA",1
2020,COATEPEQUE,513
2020,"COBÁN",14
2020,COLOMBA,3
2020,COMAPA,2
2020,"CONCEPCIÓN LAS MINAS",3
2020,CUBULCO,23
2020,CUILAPA,369
2020,CUILCO,18
2020,CUYOTENANGO,3
2020,DOLORES,62
2020,"EL ADELANTO",1
2020,"EL ASINTAL",5
2020,"EL CHAL",4
2020,"EL CHOL",12
2020,"EL ESTOR",7
2020,"EL JÍCARO",9
2020,"EL PALMAR",101
2020,"EL QUETZAL",6
2020,"EL TEJAR",2
2020,"EL TUMBADOR",33
2020,ESCUINTLA,100
2020,ESQUIPULAS,37
2020,ESTANZUELA,12
2020,FLORES,100
2020,"FLORES COSTA CUCA",40
2020,FRAIJANES,13
2020,"FRAY BARTOLOMÉ DE LAS CASAS",49
2020,GRANADOS,44
2020,"GUALÁN",22
2020,GUANAGAZAPA,23
2020,GUASTATOYA,24
2020,GUATEMALA,452
2020,"GUAZACAPÁN",26
2020,"GÉNOVA",48
2020,HUEHUETENANGO,10
2020,"HUITÉ",5
2020,IPALA,6
2020,"IXCÁN",31
2020,IZTAPA,7
2020,JACALTENANGO,17
2020,JALAPA,59
2020,JALPATAGUA,1
2020,JEREZ,12
2020,JOCOTENANGO,2
2020,"JOCOTÁN",10
2020,JOYABAJ,43
2020,JUTIAPA,147
2020,"LA DEMOCRACIA",36
2020,"LA GOMERA",3
2020,"LA LIBERTAD",63
2020,"LA REFORMA",4
2020,"LA TINTA",1
2020,"LA UNIÓN",1
2020,"LANQUÍN",2
2020,"LAS CRUCES",24
2020,LIVINGSTON,40
2020,MALACATANCITO,3
2020,"MALACATÁN",56
2020,MASAGUA,33
2020,MATAQUESCUINTLA,1
2020,MAZATENANGO,148
2020,"MELCHOR DE MENCOS",4
2020,MIXCO,104
2020,MORALES,19
2020,"MORAZÁN",1
2020,"NAHUALÁ",4
2020,"NENTÓN",1
2020,"NUEVA CONCEPCIÓN",17
2020,"NUEVA SANTA ROSA",69
2020,"NUEVO PROGRESO",5
2020,"NUEVO SAN CARLOS",7
2020,"OCÓS",5
2020,ORATORIO,2
2020,"PACHALÚN",9
2020,PALENCIA,4
2020,"PALÍN",20
2020,PANAJACHEL,52
2020,PATULUL,2
2020,POCHUTA,1
2020,"POPTÚN",117
2020,"PUEBLO NUEVO VIÑAS",4
2020,"PUERTO BARRIOS",160
2020,"PUERTO DE SAN JOSÉ",21
2020,QUETZALTEPEQUE,23
2020,RABINAL,34
2020,RAXRUHA,9
2020,RETALHULEU,74
2020,SACAPULAS,13
2020,"SALAMÁ",486
2020,"SAN AGUSTÍN ACASAGUASTLÁN",13
2020,"SAN ANDRÉS",19
2020,"SAN ANDRÉS ITZAPA",2
2020,"SAN ANDRÉS SAJCABAJÁ",5
2020,"SAN ANDRÉS VILLA SECA",1
2020,"SAN ANTONIO AGUAS CALIENTES",6
2020,"SAN ANTONIO HUISTA",9
2020,"SAN ANTONIO LA PAZ",1
2020,"SAN BARTOLOMÉ JOCOTENANGO",1
2020,"SAN CRISTÓBAL ACASAGUASTLÁN",1
2020,"SAN DIEGO",4
2020,"SAN FELIPE",21
2020,"SAN FRANCISCO",40
2020,"SAN ILDELFONSO IXTAHUACÁN",5
2020,"SAN JACINTO",1
2020,"SAN JERÓNIMO",36
2020,"SAN JORGE",3
2020,"SAN JOSÉ",2
2020,"SAN JOSÉ ACATEMPA",1
2020,"SAN JOSÉ DEL GOLFO",33
2020,"SAN JOSÉ LA ARADA",5
2020,"SAN JOSÉ POAQUIL",2
2020,"SAN JUAN CHAMELCO",1
2020,"SAN JUAN LA ERMITA",23
2020,"SAN JUAN SACATEPÉQUEZ",13
2020,"SAN LUCAS TOLIMÁN",8
2020,"SAN LUIS",27
2020,"SAN LUIS JILOTEPEQUE",13
2020,"SAN MANUEL CHAPARRÓN",4
2020,"SAN MARCOS",4
2020,"SAN MARTÍN JILOTEPEQUE",82
2020,"SAN MARTÍN ZAPOTITLÁN",6
2020,"SAN MIGUEL CHICAJ",12
2020,"SAN MIGUEL DUEÑAS",5
2020,"SAN MIGUEL PETAPA",13
2020,"SAN MIGUEL USPANTÁN",4
2020,"SAN PABLO",2
2020,"SAN PEDRO AYAMPUC",5
2020,"SAN PEDRO CARCHÁ",6
2020,"SAN PEDRO LA LAGUNA",3
2020,"SAN PEDRO NECTA",17
2020,"SAN PEDRO PINULA",6
2020,"SAN PEDRO SACATEPÉQUEZ",2
2020,"SAN RAFAEL LAS FLORES",45
2020,"SAN RAFAEL PETZAL",2
2020,"SAN RAYMUNDO",11
2020,"SAN SEBASTIÁN",13
2020,"SAN SEBASTIÁN HUEHUETENANGO",1
2020,"SAN VICENTE PACAYA",10
2020,SANARATE,7
2020,SANSARE,8
2020,"SANTA ANA",4
2020,"SANTA ANA HUISTA",1
2020,"SANTA APOLONIA",1
2020,"SANTA CATARINA IXTAHUACÁN",8
2020,"SANTA CRUZ DEL QUICHÉ",1
2020,"SANTA CRUZ MULÚA",3
2020,"SANTA CRUZ NARANJO",2
2020,"SANTA CRUZ VERAPAZ",11
2020,"SANTA LUCÍA COTZUMALGUAPA",2
2020,"SANTA LUCÍA UTATLÁN",1
2020,"SANTA MARÍA IXHUATÁN",15
2020,"SANTA ROSA DE LIMA",18
2020,"SANTIAGO ATITLÁN",17
2020,"SANTO DOMINGO SUCHITEPÉQUEZ",2
2020,"SANTO TOMÁS LA UNIÓN",10
2020,"SAYAXCHÉ",41
2020,"SENAHÚ",4
2020,"SIQUINALÁ",10
2020,"SOLOLÁ",9
2020,TAXISCO,7
2020,"TECPÁN GUATEMALA",3
2020,"TECULUTÁN",55
2020,TIQUISATE,119
2020,"TOTONICAPÁN",1
2020,"TUCURÚ",4
2020,"USUMATLÁN",7
2020,"VILLA CANALES",56
2020,"VILLA NUEVA",59
2020,YEPOCAPA,12
2020,ZACAPA,27
2020,ZACUALPA,2
2020,"ZAPOTITLÁN",1
2020,ZUNILITO,13
2021,ALOTENANGO,6
2021,"AMATITLÁN",46
2021,"ANTIGUA GUATEMALA",43
2021,"ASUNCIÓN MITA",1
2021,ATESCATEMPA,2
2021,AYUTLA,22
2021,BARBERENA,11
2021,BARILLAS,3
2021,"CABAÑAS",1
2021,"CAHABÓN",4
2021,"CAMOTÁN",1
2021,"CANILLÁ",1
2021,CASILLAS,3
2021,CATARINA,4
2021,CHAHAL,5
2021,CHAMPERICO,1
2021,CHIMALTENANGO,3
2021,CHINAUTLA,3
2021,CHIQUIMULA,37
2021,CHISEC,2
2021,CHUARRANCHO,12
2021,"CIUDAD VIEJA",1
2021,COATEPEQUE,440
2021,"COBÁN",4
2021,COLOMBA,13
2021,COMAPA,1
2021,"CONCEPCIÓN LAS MINAS",4
2021,CUBULCO,25
2021,CUILAPA,44
2021,CUYOTENANGO,13
2021,DOLORES,22
2021,"EL ADELANTO",2
2021,"EL ASINTAL",2
2021,"EL CHAL",3
2021,"EL CHOL",40
2021,"EL ESTOR",2
2021,"EL JÍCARO",1
2021,"EL PALMAR",17
2021,"EL QUETZAL",4
2021,"EL TEJAR",2
2021,"EL TUMBADOR",14
2021,ESCUINTLA,123
2021,ESQUIPULAS,3
2021,ESTANZUELA,1
2021,FLORES,63
2021,"FLORES COSTA CUCA",16
2021,"FRAY BARTOLOMÉ DE LAS CASAS",80
2021,GRANADOS,32
2021,"GUALÁN",10
2021,GUANAGAZAPA,9
2021,GUASTATOYA,25
2021,GUATEMALA,51
2021,"GUAZACAPÁN",1
2021,"GÉNOVA",91
2021,HUEHUETENANGO,1
2021,IPALA,3
2021,"IXCÁN",10
2021,IZTAPA,6
2021,JACALTENANGO,1
2021,JALAPA,11
2021,JALPATAGUA,3
2021,JEREZ,2
2021,"JOCOTÁN",3
2021,JOYABAJ,9
2021,JUTIAPA,15
2021,"LA DEMOCRACIA",6
2021,"LA GOMERA",5
2021,"LA LIBERTAD",89
2021,"LA REFORMA",1
2021,"LA TINTA",2
2021,"LAS CRUCES",5
2021,LIVINGSTON,26
2021,"LOS AMATES",2
2021,"MALACATÁN",49
2021,MASAGUA,36
2021,MAZATENANGO,109
2021,"MELCHOR DE MENCOS",4
2021,MIXCO,43
2021,MORALES,16
2021,MOYUTA,2
2021,"NUEVA CONCEPCIÓN",16
2021,"NUEVA SANTA ROSA",11
2021,"NUEVO PROGRESO",1
2021,"NUEVO SAN CARLOS",7
2021,"OCÓS",7
2021,OLOPA,1
2021,"PACHALÚN",12
2021,PAJAPITA,2
2021,PALENCIA,6
2021,"PALÍN",29
2021,PANAJACHEL,12
2021,PASACO,1
2021,PASTORES,1
2021,POCHUTA,5
2021,"POPTÚN",32
2021,"PUEBLO NUEVO VIÑAS",3
2021,"PUERTO BARRIOS",37
2021,"PUERTO DE SAN JOSÉ",10
2021,QUETZALTEPEQUE,7
2021,QUEZADA,1
2021,RABINAL,8
2021,RAXRUHA,2
2021,RETALHULEU,34
2021,"RÍO BRAVO",2
2021,SACAPULAS,2
2021,"SALAMÁ",148
2021,"SAN AGUSTÍN ACASAGUASTLÁN",1
2021,"SAN ANDRÉS",20
2021,"SAN ANDRÉS VILLA SECA",3
2021,"SAN ANTONIO AGUAS CALIENTES",2
2021,"SAN BENITO",8
2021,"SAN FELIPE",15
2021,"SAN FRANCISCO",36
2021,"SAN JACINTO",10
2021,"SAN JERÓNIMO",10
2021,"SAN JORGE",5
2021,"SAN JOSÉ",11
2021,"SAN JOSÉ DEL GOLFO",7
2021,"SAN JOSÉ EL IDOLO",8
2021,"SAN JOSÉ LA ARADA",2
2021,"SAN JOSÉ PINULA",1
2021,"SAN JOSÉ POAQUIL",1
2021,"SAN JUAN CHAMELCO",2
2021,"SAN JUAN LA ERMITA",11
2021,"SAN LUCAS SACATEPÉQUEZ",2
2021,"SAN LUCAS TOLIMÁN",2
2021,"SAN LUIS",12
2021,"SAN LUIS JILOTEPEQUE",10
2021,"SAN MARCOS",6
2021,"SAN MARTÍN JILOTEPEQUE",3
2021,"SAN MARTÍN ZAPOTITLÁN",23
2021,"SAN MIGUEL CHICAJ",5
2021,"SAN MIGUEL DUEÑAS",1
2021,"SAN MIGUEL PETAPA",1
2021,"SAN PABLO",10
2021,"SAN PABLO JOCOPILAS",1
2021,"SAN PEDRO CARCHÁ",5
2021,"SAN PEDRO NECTA",3
2021,"SAN PEDRO PINULA",1
2021,"SAN RAFAEL LAS FLORES",4
2021,"SAN RAYMUNDO",5
2021,"SAN SEBASTIÁN",2
2021,"SAN VICENTE PACAYA",5
2021,SANARATE,8
2021,"SANTA ANA",8
2021,"SANTA BÁRBARA",3
2021,"SANTA CATARINA BARAHONA",2
2021,"SANTA CATARINA IXTAHUACÁN",2
2021,"SANTA CATARINA MITA",2
2021,"SANTA CATARINA PINULA",1
2021,"SANTA CRUZ DEL QUICHÉ",1
2021,"SANTA CRUZ MULÚA",14
2021,"SANTA LUCÍA COTZUMALGUAPA",11
2021,"SANTA ROSA DE LIMA",2
2021,"SANTIAGO SACATEPÉQUEZ",16
2021,"SANTO DOMINGO SUCHITEPÉQUEZ",1
2021,"SAYAXCHÉ",47
2021,"SENAHÚ",107
2021,SIPACATE,16
2021,"SIQUINALÁ",12
2021,"SOLOLÁ",2
2021,SUMPANGO,23
2021,TAXISCO,6
2021,"TECULUTÁN",20
2021,TIQUISATE,33
2021,"TOTONICAPÁN",1
2021,"TUCURÚ",3
2021,"USUMATLÁN",1
2021,"VILLA CANALES",14
2021,"VILLA NUEVA",2
2021,YEPOCAPA,5
2021,ZACAPA,55
2021,"ZAPOTITLÁN",2
2021,ZUNILITO,18
2022,ACATENANGO,1
2022,"AGUACATÁN",1
2022,ALOTENANGO,16
2022,"AMATITLÁN",124
2022,"ANTIGUA GUATEMALA",90
2022,"ASUNCIÓN MITA",22
2022,ATESCATEMPA,19
2022,AYUTLA,24
2022,BARBERENA,12
2022,BARILLAS,13
2022,"CABAÑAS",11
2022,"CAMOTÁN",11
2022,"CANILLÁ",5
2022,CANTEL,1
2022,CASILLAS,7
2022,CATARINA,35
2022,CHAHAL,7
2022,CHAMPERICO,32
2022,CHIMALTENANGO,7
2022,CHINAUTLA,2
2022,CHIQUIMULA,104
2022,CHISEC,18
2022,CHUARRANCHO,22
2022,"CIUDAD VIEJA",6
2022,COATEPEQUE,949
2022,"COBÁN",26
2022,COLOMBA,102
2022,"CONCEPCIÓN",1
2022,"CONCEPCIÓN LAS MINAS",21
2022,CUBULCO,38
2022,CUILAPA,135
2022,CUILCO,61
2022,CUYOTENANGO,11
2022,DOLORES,79
2022,"EL ADELANTO",1
2022,"EL ASINTAL",22
2022,"EL CHAL",96
2022,"EL CHOL",9
2022,"EL ESTOR",9
2022,"EL JÍCARO",9
2022,"EL PALMAR",99
2022,"EL PROGRESO",2
2022,"EL QUETZAL",31
2022,"EL RODEO",6
2022,"EL TEJAR",1
2022,"EL TUMBADOR",32
2022,ESCUINTLA,222
2022,ESQUIPULAS,40
2022,ESTANZUELA,24
2022,FLORES,168
2022,"FLORES COSTA CUCA",253
2022,FRAIJANES,1
2022,"FRAY BARTOLOMÉ DE LAS CASAS",137
2022,GRANADOS,95
2022,"GUALÁN",95
2022,GUANAGAZAPA,17
2022,GUASTATOYA,28
2022,GUATEMALA,70
2022,"GÉNOVA",229
2022,HUEHUETENANGO,40
2022,"HUITÉ",5
2022,IPALA,9
2022,"IXCÁN",31
2022,IZTAPA,10
2022,JACALTENANGO,160
2022,JALAPA,99
2022,JALPATAGUA,64
2022,JEREZ,2
2022,JOCOTENANGO,3
2022,"JOCOTÁN",32
2022,JOYABAJ,3
2022,JUTIAPA,197
2022,"LA DEMOCRACIA",27
2022,"LA GOMERA",26
2022,"LA LIBERTAD",139
2022,"LA REFORMA",1
2022,"LA TINTA",325
2022,"LANQUÍN",13
2022,"LAS CRUCES",16
2022,LIVINGSTON,30
2022,"LOS AMATES",18
2022,MALACATANCITO,12
2022,"MALACATÁN",178
2022,MASAGUA,66
2022,MATAQUESCUINTLA,1
2022,MAZATENANGO,425
2022,"MELCHOR DE MENCOS",18
2022,MIXCO,84
2022,MORALES,25
2022,"NAHUALÁ",1
2022,"NENTÓN",43
2022,"NUEVA CONCEPCIÓN",74
2022,"NUEVA SANTA ROSA",20
2022,"NUEVO PROGRESO",12
2022,"NUEVO SAN CARLOS",5
2022,"OCÓS",17
2022,ORATORIO,3
2022,"PACHALÚN",4
2022,PALENCIA,10
2022,"PALÍN",33
2022,PANAJACHEL,6
2022,PANZOS,6
2022,PARRAMOS,2
2022,PATULUL,1
2022,POCHUTA,5
2022,"POPTÚN",137
2022,"PUEBLO NUEVO VIÑAS",3
2022,"PUERTO BARRIOS",37
2022,"PUERTO DE SAN JOSÉ",16
2022,"PURULHÁ",2
2022,QUETZALTENANGO,3
2022,QUETZALTEPEQUE,34
2022,QUEZADA,1
2022,RABINAL,71
2022,RAXRUHA,5
2022,RETALHULEU,118
2022,"RÍO HONDO",3
2022,SACAPULAS,1
2022,"SALAMÁ",263
2022,"SAN AGUSTÍN ACASAGUASTLÁN",1
2022,"SAN ANDRÉS",41
2022,"SAN ANDRÉS VILLA SECA",28
2022,"SAN ANTONIO AGUAS CALIENTES",15
2022,"SAN ANTONIO HUISTA",9
2022,"SAN ANTONIO LA PAZ",4
2022,"SAN ANTONIO PALOPÓ",1
2022,"SAN ANTONIO SUCHITEPÉQUEZ",15
2022,"SAN BENITO",1
2022,"SAN BERNARDINO",1
2022,"SAN FELIPE",21
2022,"SAN FRANCISCO",81
2022,"SAN FRANCISCO ZAPOTITLÁN",1
2022,"SAN GASPAR IXCHIL",1
2022,"SAN ILDELFONSO IXTAHUACÁN",40
2022,"SAN JACINTO",13
2022,"SAN JERÓNIMO",39
2022,"SAN JORGE",14
2022,"SAN JOSÉ",8
2022,"SAN JOSÉ ACATEMPA",1
2022,"SAN JOSÉ DEL GOLFO",10
2022,"SAN JOSÉ EL IDOLO",8
2022,"SAN JOSÉ LA ARADA",19
2022,"SAN JOSÉ PINULA",4
2022,"SAN JOSÉ POAQUIL",1
2022,"SAN JUAN LA ERMITA",7
2022,"SAN JUAN SACATEPÉQUEZ",13
2022,"SAN LUCAS SACATEPÉQUEZ",1
2022,"SAN LUIS",29
2022,"SAN LUIS JILOTEPEQUE",17
2022,"SAN MANUEL CHAPARRÓN",7
2022,"SAN MARCOS",25
2022,"SAN MARTÍN JILOTEPEQUE",5
2022,"SAN MARTÍN ZAPOTITLÁN",11
2022,"SAN MIGUEL CHICAJ",34
2022,"SAN MIGUEL DUEÑAS",5
2022,"SAN MIGUEL PETAPA",8
2022,"SAN PABLO",25
2022,"SAN PABLO JOCOPILAS",1
2022,"SAN PEDRO AYAMPUC",1
2022,"SAN PEDRO CARCHÁ",11
2022,"SAN PEDRO LA LAGUNA",4
2022,"SAN PEDRO NECTA",7
2022,"SAN RAFAEL LAS FLORES",6
2022,"SAN RAFAEL PIÉ DE LA CUESTA",4
2022,"SAN SEBASTIÁN",5
2022,"SAN VICENTE PACAYA",9
2022,SANARATE,15
2022,"SANTA ANA",69
2022,"SANTA ANA HUISTA",9
2022,"SANTA APOLONIA",1
2022,"SANTA CATARINA BARAHONA",6
2022,"SANTA CATARINA IXTAHUACÁN",8
2022,"SANTA CRUZ DEL QUICHÉ",2
2022,"SANTA CRUZ MULÚA",46
2022,"SANTA LUCÍA COTZUMALGUAPA",6
2022,"SANTA MARÍA IXHUATÁN",4
2022,"SANTIAGO ATITLÁN",2
2022,"SANTO DOMINGO SUCHITEPÉQUEZ",4
2022,"SANTO TOMÁS LA UNIÓN",7
2022,"SAYAXCHÉ",286
2022,"SENAHÚ",26
2022,SIPACATE,8
2022,"SIQUINALÁ",20
2022,"SOLOLÁ",6
2022,SUMPANGO,1
2022,"TECPÁN GUATEMALA",2
2022,"TECULUTÁN",54
2022,TIQUISATE,33
2022,"TOTONICAPÁN",3
2022,"TUCURÚ",121
2022,"USUMATLÁN",5
2022,"VILLA CANALES",24
2022,"VILLA NUEVA",17
2022,YEPOCAPA,6
2022,YUPILTEPEQUE,2
2022,ZACAPA,386
2022,"ZAPOTITLÁN",2
2022,ZUNILITO,8
2023,ACATENANGO,196
2023,"AGUA BLANCA",14
2023,"AGUACATÁN",73
2023,ALOTENANGO,179
2023,"AMATITLÁN",1826
2023,"ANTIGUA GUATEMALA",3054
2023,"ASUNCIÓN MITA",113
2023,ATESCATEMPA,21
2023,AYUTLA,129
2023,BARBERENA,284
2023,BARILLAS,123
2023,"CABAÑAS",112
2023,"CAHABÓN",29
2023,"CAMOTÁN",161
2023,"CANILLÁ",938
2023,CANTEL,2
2023,CASILLAS,176
2023,CATARINA,37
2023,CHAHAL,79
2023,CHAMPERICO,40
2023,CHIANTLA,1
2023,CHICACAO,54
2023,"CHICAMÁN",25
2023,CHICHICASTENANGO,3
2023,"CHICHÉ",6
2023,CHIMALTENANGO,832
2023,CHINAUTLA,418
2023,CHIQUIMULA,2612
2023,CHIQUIMULILLA,60
2023,CHISEC,110
2023,CHUARRANCHO,52
2023,"CIUDAD VIEJA",450
2023,COATEPEQUE,4371
2023,"COBÁN",450
2023,COLOMBA,314
2023,COLOTENANGO,58
2023,COMAPA,44
2023,"CONCEPCIÓN LAS MINAS",106
2023,CONGUACO,7
2023,CUBULCO,161
2023,CUILAPA,887
2023,CUILCO,63
2023,"CUNÉN",24
2023,CUYOTENANGO,20
2023,DOLORES,481
2023,"EL ASINTAL",64
2023,"EL CHAL",211
2023,"EL CHOL",86
2023,"EL ESTOR",454
2023,"EL JÍCARO",29
2023,"EL PALMAR",343
2023,"EL PROGRESO",1
2023,"EL QUETZAL",24
2023,"EL RODEO",7
2023,"EL TEJAR",12
2023,"EL TUMBADOR",76
2023,ESCUINTLA,2773
2023,ESQUIPULAS,700
2023,ESTANZUELA,19
2023,FLORES,115
2023,"FLORES COSTA CUCA",294
2023,FRAIJANES,293
2023,"FRAY BARTOLOMÉ DE LAS CASAS",213
2023,GRANADOS,254
2023,"GUALÁN",911
2023,GUANAGAZAPA,112
2023,GUASTATOYA,744
2023,GUATEMALA,2612
2023,"GUAZACAPÁN",222
2023,"GÉNOVA",264
2023,HUEHUETENANGO,107
2023,"HUITÉ",9
2023,IPALA,110
2023,"IXCÁN",278
2023,IZTAPA,69
2023,JACALTENANGO,109
2023,JALAPA,2130
2023,JALPATAGUA,27
2023,JEREZ,5
2023,JOCOTENANGO,194
2023,"JOCOTÁN",170
2023,JOYABAJ,2558
2023,JUTIAPA,2597
2023,"LA DEMOCRACIA",208
2023,"LA GOMERA",185
2023,"LA LIBERTAD",382
2023,"LA REFORMA",26
2023,"LA TINTA",802
2023,"LA UNIÓN",170
2023,"LANQUÍN",152
2023,"LAS CRUCES",205
2023,LIVINGSTON,323
2023,"LOS AMATES",34
2023,"MAGDALENA MILPAS ALTAS",4
2023,MALACATANCITO,7
2023,"MALACATÁN",532
2023,MASAGUA,330
2023,MATAQUESCUINTLA,123
2023,MAZATENANGO,720
2023,"MELCHOR DE MENCOS",64
2023,MIXCO,4200
2023,MOMOSTENANGO,2
2023,MONJAS,60
2023,MORALES,435
2023,"MORAZÁN",11
2023,MOYUTA,76
2023,"NAHUALÁ",102
2023,NEBAJ,16
2023,"NENTÓN",65
2023,"NUEVA CONCEPCIÓN",157
2023,"NUEVA SANTA ROSA",124
2023,"NUEVO PROGRESO",122
2023,"NUEVO SAN CARLOS",42
2023,"OCÓS",36
2023,OLOPA,169
2023,ORATORIO,27
2023,"PACHALÚN",176
2023,PAJAPITA,3
2023,PALENCIA,641
2023,"PALÍN",223
2023,PANAJACHEL,93
2023,PANZOS,57
2023,PARRAMOS,138
2023,PASACO,34
2023,PASTORES,85
2023,PATULUL,16
2023,"PATZICÍA",16
2023,POCHUTA,25
2023,"POPTÚN",1149
2023,"PUEBLO NUEVO VIÑAS",29
2023,"PUERTO BARRIOS",462
2023,"PUERTO DE SAN JOSÉ",254
2023,"PURULHÁ",13
2023,QUETZALTEPEQUE,415
2023,QUEZADA,19
2023,RABINAL,473
2023,RAXRUHA,46
2023,RETALHULEU,169
2023,"RÍO BLANCO",3
2023,"RÍO HONDO",25
2023,SACAPULAS,391
2023,"SALAMÁ",854
2023,"SALCAJÁ",1
2023,"SAN AGUSTÍN ACASAGUASTLÁN",5
2023,"SAN ANDRÉS",49
2023,"SAN ANDRÉS ITZAPA",65
2023,"SAN ANDRÉS SAJCABAJÁ",468
2023,"SAN ANDRÉS SEMETABAJ",2
2023,"SAN ANDRÉS VILLA SECA",53
2023,"SAN ANTONIO AGUAS CALIENTES",112
2023,"SAN ANTONIO HUISTA",57
2023,"SAN ANTONIO ILOTENANGO",1
2023,"SAN ANTONIO LA PAZ",168
2023,"SAN ANTONIO PALOPÓ",48
2023,"SAN ANTONIO SUCHITEPÉQUEZ",21
2023,"SAN BARTOLOMÉ JOCOTENANGO",127
2023,"SAN BARTOLOMÉ MILPAS ALTAS",4
2023,"SAN BENITO",410
2023,"SAN BERNARDINO",3
2023,"SAN CRISTÓBAL ACASAGUASTLÁN",14
2023,"SAN CRISTÓBAL VERAPAZ",378
2023,"SAN DIEGO",24
2023,"SAN FELIPE",57
2023,"SAN FRANCISCO",86
2023,"SAN GASPAR IXCHIL",170
2023,"SAN ILDELFONSO IXTAHUACÁN",138
2023,"SAN JACINTO",105
2023,"SAN JERÓNIMO",320
2023,"SAN JORGE",38
2023,"SAN JOSÉ",15
2023,"SAN JOSÉ ACATEMPA",4
2023,"SAN JOSÉ DEL GOLFO",408
2023,"SAN JOSÉ EL IDOLO",10
2023,"SAN JOSÉ LA ARADA",109
2023,"SAN JOSÉ OJETENAM",1
2023,"SAN JOSÉ PINULA",427
2023,"SAN JOSÉ POAQUIL",4
2023,"SAN JUAN BAUTISTA",2
2023,"SAN JUAN CHAMELCO",12
2023,"SAN JUAN COTZAL",9
2023,"SAN JUAN LA ERMITA",117
2023,"SAN JUAN LA LAGUNA",108
2023,"SAN JUAN SACATEPÉQUEZ",1489
2023,"SAN JUAN TECUACO",39
2023,"SAN LUCAS SACATEPÉQUEZ",32
2023,"SAN LUCAS TOLIMÁN",148
2023,"SAN LUIS",634
2023,"SAN LUIS JILOTEPEQUE",473
2023,"SAN MANUEL CHAPARRÓN",39
2023,"SAN MARCOS",54
2023,"SAN MARTÍN JILOTEPEQUE",35
2023,"SAN MARTÍN ZAPOTITLÁN",22
2023,"SAN MIGUEL CHICAJ",435
2023,"SAN MIGUEL DUEÑAS",96
2023,"SAN MIGUEL IXTAHUACÁN",2
2023,"SAN MIGUEL PANÁN",1
2023,"SAN MIGUEL PETAPA",76
2023,"SAN MIGUEL USPANTÁN",198
2023,"SAN PABLO",9
2023,"SAN PEDRO AYAMPUC",133
2023,"SAN PEDRO CARCHÁ",104
2023,"SAN PEDRO JOCOPILAS",2
2023,"SAN PEDRO LA LAGUNA",125
2023,"SAN PEDRO NECTA",64
2023,"SAN PEDRO PINULA",155
2023,"SAN PEDRO SACATEPÉQUEZ",33
2023,"SAN PEDRO SOLOMA",3
2023,"SAN RAFAEL LAS FLORES",311
2023,"SAN RAFAEL PETZAL",1
2023,"SAN RAFAEL PIÉ DE LA CUESTA",2
2023,"SAN RAYMUNDO",58
2023,"SAN SEBASTIÁN",105
2023,"SAN VICENTE PACAYA",35
2023,SANARATE,38
2023,SANSARE,4
2023,"SANTA ANA",155
2023,"SANTA ANA HUISTA",28
2023,"SANTA APOLONIA",1
2023,"SANTA BÁRBARA",2
2023,"SANTA CATARINA BARAHONA",19
2023,"SANTA CATARINA IXTAHUACÁN",85
2023,"SANTA CATARINA MITA",6
2023,"SANTA CATARINA PALOPÓ",76
2023,"SANTA CATARINA PINULA",492
2023,"SANTA CLARA LA LAGUNA",1
2023,"SANTA CRUZ BALANYÁ",6
2023,"SANTA CRUZ DEL QUICHÉ",415
2023,"SANTA CRUZ MULÚA",56
2023,"SANTA CRUZ NARANJO",191
2023,"SANTA CRUZ VERAPAZ",181
2023,"SANTA LUCÍA COTZUMALGUAPA",178
2023,"SANTA LUCÍA LA REFORMA",1
2023,"SANTA LUCÍA MILPAS ALTAS",4
2023,"SANTA LUCÍA UTATLÁN",2
2023,"SANTA MARÍA CHIQUIMULA",1
2023,"SANTA MARÍA DE JESÚS",2
2023,"SANTA MARÍA IXHUATÁN",45
2023,"SANTA ROSA DE LIMA",47
2023,"SANTIAGO ATITLÁN",195
2023,"SANTIAGO SACATEPÉQUEZ",11
2023,"SANTO DOMINGO SUCHITEPÉQUEZ",2
2023,"SANTO DOMINGO XENACOJ",22
2023,"SANTO TOMÁS LA UNIÓN",67
2023,"SAYAXCHÉ",432
2023,"SENAHÚ",271
2023,SIPACATE,99
2023,"SIQUINALÁ",271
2023,"SOLOLÁ",442
2023,SUMPANGO,36
2023,TACTIC,19
2023,"TAMAHÚ",320
2023,TAXISCO,97
2023,"TECPÁN GUATEMALA",24
2023,"TECTITÁN",14
2023,"TECULUTÁN",177
2023,TEJUTLA,3
2023,TIQUISATE,160
2023,"TOTONICAPÁN",7
2023,"TUCURÚ",51
2023,"USUMATLÁN",31
2023,"VILLA CANALES",416
2023,"VILLA NUEVA",1131
2023,YEPOCAPA,509
2023,YUPILTEPEQUE,20
2023,ZACAPA,2023
2023,ZACUALPA,853
2023,"ZAPOTITLÁN",4
2023,ZARAGOZA,16
2023,ZUNIL,1
2023,ZUNILITO,9
2024,ACATENANGO,220
2024,"AGUA BLANCA",1
2024,"AGUACATÁN",617
2024,ALOTENANGO,245
2024,"AMATITLÁN",2948
2024,"ANTIGUA GUATEMALA",3657
2024,"ASUNCIÓN MITA",1285
2024,ATESCATEMPA,651
2024,AYUTLA,328
2024,BARBERENA,421
2024,BARILLAS,429
2024,"CABAÑAS",195
2024,"CABRICÁN",2
2024,"CAHABÓN",412
2024,"CAMOTÁN",472
2024,"CANILLÁ",603
2024,CASILLAS,694
2024,CATARINA,320
2024,CHAHAL,243
2024,CHAJUL,2
2024,CHAMPERICO,167
2024,CHIANTLA,6
2024,CHICACAO,195
2024,"CHICAMÁN",1528
2024,CHICHICASTENANGO,1
2024,"CHICHÉ",12
2024,CHIMALTENANGO,2766
2024,CHINAUTLA,803
2024,CHINIQUE,12
2024,CHIQUIMULA,1492
2024,CHIQUIMULILLA,231
2024,CHISEC,119
2024,CHUARRANCHO,306
2024,"CIUDAD VIEJA",229
2024,COATEPEQUE,8180
2024,"COBÁN",4218
2024,COLOMBA,639
2024,COLOTENANGO,60
2024,COMAPA,67
2024,"CONCEPCIÓN",1
2024,"CONCEPCIÓN HUISTA",17
2024,"CONCEPCIÓN LAS MINAS",164
2024,"CONCEPCIÓN TUTUAPA",1
2024,CONGUACO,37
2024,CUBULCO,542
2024,CUILAPA,1824
2024,CUILCO,881
2024,"CUNÉN",255
2024,CUYOTENANGO,107
2024,DOLORES,397
2024,"EL ADELANTO",35
2024,"EL ASINTAL",121
2024,"EL CHAL",198
2024,"EL CHOL",88
2024,"EL ESTOR",70
2024,"EL JÍCARO",90
2024,"EL PALMAR",276
2024,"EL PROGRESO",140
2024,"EL QUETZAL",125
2024,"EL RODEO",278
2024,"EL TEJAR",213
2024,"EL TUMBADOR",678
2024,ESCUINTLA,2754
2024,ESQUIPULAS,348
2024,"ESQUIPULAS PALO GORDO",1
2024,ESTANZUELA,39
2024,FLORES,76
2024,"FLORES COSTA CUCA",455
2024,FRAIJANES,574
2024,"FRAY BARTOLOMÉ DE LAS CASAS",145
2024,GRANADOS,740
2024,"GUALÁN",917
2024,GUANAGAZAPA,123
2024,GUASTATOYA,1582
2024,GUATEMALA,6902
2024,"GUAZACAPÁN",119
2024,"GÉNOVA",876
2024,HUEHUETENANGO,616
2024,"HUITÉ",27
2024,IPALA,342
2024,"IXCÁN",400
2024,IZTAPA,72
2024,JACALTENANGO,472
2024,JALAPA,3178
2024,JALPATAGUA,26
2024,JEREZ,449
2024,JOCOTENANGO,92
2024,"JOCOTÁN",160
2024,JOYABAJ,265
2024,JUTIAPA,8922
2024,"LA DEMOCRACIA",337
2024,"LA ESPERANZA",5
2024,"LA GOMERA",141
2024,"LA LIBERTAD",544
2024,"LA REFORMA",103
2024,"LA TINTA",624
2024,"LA UNIÓN",613
2024,"LANQUÍN",497
2024,"LAS CRUCES",131
2024,LIVINGSTON,126
2024,"LOS AMATES",84
2024,"MAGDALENA MILPAS ALTAS",13
2024,MALACATANCITO,268
2024,"MALACATÁN",3895
2024,MASAGUA,246
2024,MATAQUESCUINTLA,317
2024,MAZATENANGO,3338
2024,"MELCHOR DE MENCOS",282
2024,MIXCO,6280
2024,MOMOSTENANGO,1
2024,MONJAS,230
2024,MORALES,400
2024,"MORAZÁN",42
2024,MOYUTA,28
2024,"NAHUALÁ",167
2024,NEBAJ,26
2024,"NENTÓN",70
2024,"NUEVA CONCEPCIÓN",305
2024,"NUEVA SANTA ROSA",1131
2024,"NUEVO PROGRESO",433
2024,"NUEVO SAN CARLOS",356
2024,"OCÓS",219
2024,OLINTEPEQUE,5
2024,OLOPA,190
2024,ORATORIO,124
2024,"PACHALÚN",87
2024,PAJAPITA,106
2024,PALENCIA,944
2024,"PALÍN",328
2024,PANAJACHEL,611
2024,PANZOS,18
2024,PARRAMOS,339
2024,PASACO,11
2024,PASTORES,148
2024,PATULUL,35
2024,"PATZICÍA",6
2024,"PATZÚN",3
2024,"PETATÁN",10
2024,POCHUTA,27
2024,"POPTÚN",591
2024,"PUEBLO NUEVO VIÑAS",175
2024,"PUERTO BARRIOS",455
2024,"PUERTO DE SAN JOSÉ",251
2024,"PURULHÁ",17
2024,QUETZALTENANGO,52
2024,QUETZALTEPEQUE,507
2024,QUEZADA,16
2024,RABINAL,1695
2024,RAXRUHA,15
2024,RETALHULEU,1225
2024,"RÍO HONDO",25
2024,SACAPULAS,570
2024,"SALAMÁ",2381
2024,"SALCAJÁ",2
2024,SAMAYAC,46
2024,"SAN AGUSTÍN ACASAGUASTLÁN",106
2024,"SAN ANDRÉS",83
2024,"SAN ANDRÉS ITZAPA",58
2024,"SAN ANDRÉS SAJCABAJÁ",124
2024,"SAN ANDRÉS SEMETABAJ",7
2024,"SAN ANDRÉS VILLA SECA",351
2024,"SAN ANDRÉS XECUL",1
2024,"SAN ANTONIO AGUAS CALIENTES",327
2024,"SAN ANTONIO HUISTA",364
2024,"SAN ANTONIO ILOTENANGO",2
2024,"SAN ANTONIO LA PAZ",392
2024,"SAN ANTONIO PALOPÓ",106
2024,"SAN ANTONIO SACATEPÉQUEZ",2
2024,"SAN ANTONIO SUCHITEPÉQUEZ",32
2024,"SAN BARTOLO",3
2024,"SAN BARTOLOMÉ JOCOTENANGO",132
2024,"SAN BARTOLOMÉ MILPAS ALTAS",12
2024,"SAN BENITO",2851
2024,"SAN BERNARDINO",12
2024,"SAN CARLOS ALZATATE",144
2024,"SAN CARLOS SIJA",5
2024,"SAN CRISTÓBAL ACASAGUASTLÁN",78
2024,"SAN CRISTÓBAL CUCHO",1
2024,"SAN CRISTÓBAL TOTONICAPÁN",1
2024,"SAN CRISTÓBAL VERAPAZ",1485
2024,"SAN DIEGO",104
2024,"SAN FELIPE",244
2024,"SAN FRANCISCO",34
2024,"SAN GABRIEL",14
2024,"SAN GASPAR IXCHIL",74
2024,"SAN ILDELFONSO IXTAHUACÁN",462
2024,"SAN JACINTO",112
2024,"SAN JERÓNIMO",254
2024,"SAN JORGE",17
2024,"SAN JOSÉ",8
2024,"SAN JOSÉ ACATEMPA",179
2024,"SAN JOSÉ CHACAYÁ",4
2024,"SAN JOSÉ DEL GOLFO",367
2024,"SAN JOSÉ EL IDOLO",57
2024,"SAN JOSÉ LA ARADA",83
2024,"SAN JOSÉ OJETENAM",7
2024,"SAN JOSÉ PINULA",845
2024,"SAN JOSÉ POAQUIL",10
2024,"SAN JUAN ATITÁN",1
2024,"SAN JUAN CHAMELCO",221
2024,"SAN JUAN COMALAPA",2
2024,"SAN JUAN COTZAL",8
2024,"SAN JUAN IXCOY",2
2024,"SAN JUAN LA ERMITA",159
2024,"SAN JUAN LA LAGUNA",700
2024,"SAN JUAN OSTUNCALCO",2
2024,"SAN JUAN SACATEPÉQUEZ",1785
2024,"SAN JUAN TECUACO",89
2024,"SAN LORENZO",101
2024,"SAN LUCAS SACATEPÉQUEZ",99
2024,"SAN LUCAS TOLIMÁN",246
2024,"SAN LUIS",336
2024,"SAN LUIS JILOTEPEQUE",737
2024,"SAN MANUEL CHAPARRÓN",149
2024,"SAN MARCOS",386
2024,"SAN MARCOS LA LAGUNA",238
2024,"SAN MARTÍN JILOTEPEQUE",362
2024,"SAN MARTÍN SACATEPÉQUEZ",1
2024,"SAN MARTÍN ZAPOTITLÁN",311
2024,"SAN MATEO",4
2024,"SAN MIGUEL CHICAJ",283
2024,"SAN MIGUEL DUEÑAS",162
2024,"SAN MIGUEL PANÁN",51
2024,"SAN MIGUEL PETAPA",98
2024,"SAN MIGUEL USPANTÁN",1430
2024,"SAN PABLO",429
2024,"SAN PABLO JOCOPILAS",8
2024,"SAN PABLO LA LAGUNA",54
2024,"SAN PEDRO AYAMPUC",406
2024,"SAN PEDRO CARCHÁ",865
2024,"SAN PEDRO JOCOPILAS",27
2024,"SAN PEDRO LA LAGUNA",494
2024,"SAN PEDRO NECTA",306
2024,"SAN PEDRO PINULA",153
2024,"SAN PEDRO SACATEPÉQUEZ",224
2024,"SAN RAFAEL LA INDEPENDENCIA",1
2024,"SAN RAFAEL LAS FLORES",192
2024,"SAN RAFAEL PETZAL",30
2024,"SAN RAFAEL PIÉ DE LA CUESTA",248
2024,"SAN RAYMUNDO",182
2024,"SAN SEBASTIÁN",319
2024,"SAN SEBASTIÁN HUEHUETENANGO",35
2024,"SAN VICENTE PACAYA",156
2024,SANARATE,156
2024,SANSARE,60
2024,"SANTA ANA",376
2024,"SANTA ANA HUISTA",53
2024,"SANTA APOLONIA",2
2024,"SANTA BÁRBARA",121
2024,"SANTA CATARINA BARAHONA",130
2024,"SANTA CATARINA IXTAHUACÁN",424
2024,"SANTA CATARINA MITA",561
2024,"SANTA CATARINA PALOPÓ",40
2024,"SANTA CATARINA PINULA",426
2024,"SANTA CLARA LA LAGUNA",12
2024,"SANTA CRUZ BALANYÁ",3
2024,"SANTA CRUZ DEL QUICHÉ",380
2024,"SANTA CRUZ LA LAGUNA",302
2024,"SANTA CRUZ MULÚA",195
2024,"SANTA CRUZ NARANJO",46
2024,"SANTA CRUZ VERAPAZ",752
2024,"SANTA LUCÍA COTZUMALGUAPA",367
2024,"SANTA LUCÍA LA REFORMA",3
2024,"SANTA LUCÍA MILPAS ALTAS",15
2024,"SANTA LUCÍA UTATLÁN",12
2024,"SANTA MARÍA CHIQUIMULA",1
2024,"SANTA MARÍA DE JESÚS",6
2024,"SANTA MARÍA IXHUATÁN",38
2024,"SANTA MARÍA VISITACIÓN",4
2024,"SANTA ROSA DE LIMA",335
2024,"SANTIAGO ATITLÁN",266
2024,"SANTIAGO CHIMALTENANGO",1
2024,"SANTIAGO SACATEPÉQUEZ",31
2024,"SANTO DOMINGO SUCHITEPÉQUEZ",17
2024,"SANTO DOMINGO XENACOJ",216
2024,"SANTO TOMÁS LA UNIÓN",165
2024,"SAYAXCHÉ",590
2024,"SENAHÚ",273
2024,SIBINAL,2
2024,SIPACATE,85
2024,"SIQUINALÁ",274
2024,"SOLOLÁ",1434
2024,SUMPANGO,403
2024,"TACANÁ",3
2024,TACTIC,611
2024,"TAMAHÚ",54
2024,TAXISCO,115
2024,"TECPÁN GUATEMALA",111
2024,"TECTITÁN",21
2024,"TECULUTÁN",98
2024,TEJUTLA,9
2024,TIQUISATE,735
2024,"TODOS SANTOS CUCHUMATÁN",1
2024,"TOTONICAPÁN",29
2024,"TUCURÚ",206
2024,"UNION CANTINIL",13
2024,"USUMATLÁN",21
2024,"VILLA CANALES",783
2024,"VILLA NUEVA",1208
2024,YEPOCAPA,922
2024,YUPILTEPEQUE,118
2024,ZACAPA,1555
2024,ZACUALPA,288
2024,"ZAPOTITLÁN",76
2024,ZARAGOZA,13
2024,ZUNIL,11
2024,ZUNILITO,1
