year,municipality,department,total_cases
2012,ESCUINTLA,ESCUINTLA,851
2012,JUTIAPA,JUTIAPA,722
2012,ZACAPA,ZACAPA,716
2012,"FRAY BARTOLOMÉ DE LAS CASAS","ALTA VERAPAZ",553
2012,"AMATITLÁN",GUATEMALA,494
2012,RETALHULEU,RETALHULEU,438
2012,COATEPEQUE,QUETZALTENANGO,424
2012,"PUERTO BARRIOS",IZABAL,403
2012,CHIQUIMULA,CHIQUIMULA,355
2012,TIQUISATE,ESCUINTLA,332
2012,MORALES,IZABAL,292
2012,"SAN ANDRÉS VILLA SECA",RETALHULEU,166
2012,CUILAPA,"SANTA ROSA",164
2012,"CAMOTÁN",CHIQUIMULA,149
2012,GUATEMALA,GUATEMALA,141
2012,"JOCOTÁN",CHIQUIMULA,140
2012,"GÉNOVA",QUETZALTENANGO,120
2012,"LOS AMATES",IZABAL,119
2012,AYUTLA,"SAN MARCOS",110
2012,"EL ESTOR",IZABAL,103
2012,GUASTATOYA,"EL PROGRESO",100
2012,"NUEVA CONCEPCIÓN",ESCUINTLA,86
2012,"TECULUTÁN",ZACAPA,85
2012,"PALÍN",ESCUINTLA,85
2012,"FLORES COSTA CUCA",QUETZALTENANGO,82
2012,"IXCÁN",QUICHE,81
2012,MAZATENANGO,SUCHITEPEQUEZ,80
2012,"LA GOMERA",ESCUINTLA,79
2012,"SAN LORENZO",SUCHITEPEQUEZ,79
2012,"VILLA NUEVA",GUATEMALA,78
2012,MIXCO,GUATEMALA,71
2012,"EL PALMAR",QUETZALTENANGO,69
2012,"ANTIGUA GUATEMALA",SACATEPEQUEZ,68
2012,"OCÓS","SAN MARCOS",67
2012,"SALAMÁ","BAJA VERAPAZ",63
2012,MASAGUA,ESCUINTLA,61
2012,COLOMBA,QUETZALTENANGO,61
2012,"PUERTO DE SAN JOSÉ",ESCUINTLA,60
2012,PANZOS,"ALTA VERAPAZ",59
2012,"SAN JERÓNIMO","BAJA VERAPAZ",56
2012,"SAN MIGUEL PETAPA",GUATEMALA,49
2012,"GUALÁN",ZACAPA,49
2012,"USUMATLÁN",ZACAPA,49
2012,"SAN CRISTÓBAL ACASAGUASTLÁN","EL PROGRESO",48
2012,"SAN LUIS","EL PETEN",46
2012,"COBÁN","ALTA VERAPAZ",45
2012,ESTANZUELA,ZACAPA,45
2012,"VILLA CANALES",GUATEMALA,42
2012,"POPTÚN","EL PETEN",41
2012,"SAN JOSÉ LA ARADA",CHIQUIMULA,41
2012,"SANTA CATARINA MITA",JUTIAPA,38
2012,RAXRUHA,"ALTA VERAPAZ",35
2012,"EL JÍCARO","EL PROGRESO",34
2012,IZTAPA,ESCUINTLA,34
2012,"EL PROGRESO",JUTIAPA,34
2012,ESQUIPULAS,CHIQUIMULA,33
2012,"SAN JORGE",ZACAPA,33
2012,"SAYAXCHÉ","EL PETEN",32
2012,"SAN JOSÉ DEL GOLFO",GUATEMALA,32
2012,"ASUNCIÓN MITA",JUTIAPA,31
2012,"SAN JOSÉ ACATEMPA",JUTIAPA,31
2012,"SANTA ANA","EL PETEN",30
2012,QUEZADA,JUTIAPA,29
2012,LIVINGSTON,IZABAL,27
2012,"EL QUETZAL","SAN MARCOS",27
2012,PAJAPITA,"SAN MARCOS",26
2012,"SAN MIGUEL CHICAJ","BAJA VERAPAZ",26
2012,CHAMPERICO,RETALHULEU,25
2012,"MORAZÁN","EL PROGRESO",25
2012,"SAN JACINTO",CHIQUIMULA,25
2012,"EL ASINTAL",RETALHULEU,25
2012,"SANTA LUCÍA COTZUMALGUAPA",ESCUINTLA,24
2012,IPALA,CHIQUIMULA,24
2012,"LA DEMOCRACIA",ESCUINTLA,23
2012,OLOPA,CHIQUIMULA,23
2012,"EL ADELANTO",JUTIAPA,23
2012,"EL TUMBADOR","SAN MARCOS",22
2012,QUETZALTEPEQUE,CHIQUIMULA,22
2012,"EL CHAL","EL PETEN",21
2012,"RÍO HONDO",ZACAPA,21
2012,"MELCHOR DE MENCOS","EL PETEN",19
2012,"NUEVO PROGRESO","SAN MARCOS",19
2012,"SAN MARTÍN ZAPOTITLÁN",RETALHULEU,19
2012,ATESCATEMPA,JUTIAPA,18
2012,CHAHAL,"ALTA VERAPAZ",18
2012,"SIQUINALÁ",ESCUINTLA,18
2012,"SAN PEDRO CARCHÁ","ALTA VERAPAZ",17
2012,"SANTA CRUZ MULÚA",RETALHULEU,17
2012,"PUEBLO NUEVO VIÑAS","SANTA ROSA",17
2012,TAXISCO,"SANTA ROSA",17
2012,"CONCEPCIÓN LAS MINAS",CHIQUIMULA,16
2012,"SAN BENITO","EL PETEN",15
2012,CUYOTENANGO,SUCHITEPEQUEZ,15
2012,YEPOCAPA,CHIMALTENANGO,15
2012,"NENTÓN",HUEHUETENANGO,14
2012,"SAN VICENTE PACAYA",ESCUINTLA,14
2012,"SAN DIEGO",ZACAPA,14
2012,GUANAGAZAPA,ESCUINTLA,14
2012,RABINAL,"BAJA VERAPAZ",13
2012,"SAN JUAN TECUACO","SANTA ROSA",13
2012,"SAN PABLO","SAN MARCOS",12
2012,FLORES,"EL PETEN",11
2012,"MALACATÁN","SAN MARCOS",11
2012,CUBULCO,"BAJA VERAPAZ",11
2012,"SAN SEBASTIÁN",RETALHULEU,11
2012,"NUEVO SAN CARLOS",RETALHULEU,11
2012,"SAN ANTONIO SUCHITEPÉQUEZ",SUCHITEPEQUEZ,11
2012,"SAN FELIPE",RETALHULEU,11
2012,"SAN ANTONIO LA PAZ","EL PROGRESO",11
2012,"SANTO TOMÁS LA UNIÓN",SUCHITEPEQUEZ,10
2012,"SAN FRANCISCO ZAPOTITLÁN",SUCHITEPEQUEZ,10
2012,PALENCIA,GUATEMALA,9
2012,"SAN PABLO JOCOPILAS",SUCHITEPEQUEZ,9
2012,BARBERENA,"SANTA ROSA",9
2012,"SANTA ANA HUISTA",HUEHUETENANGO,9
2012,CATARINA,"SAN MARCOS",9
2012,COMAPA,JUTIAPA,9
2012,"SAN GABRIEL",SUCHITEPEQUEZ,9
2012,"HUITÉ",ZACAPA,9
2012,"SANTO DOMINGO SUCHITEPÉQUEZ",SUCHITEPEQUEZ,9
2012,JALAPA,JALAPA,8
2012,CHINAUTLA,GUATEMALA,8
2012,"CABAÑAS",ZACAPA,8
2012,"SANTA CATARINA PALOPÓ",SOLOLA,8
2012,"SAN JUAN SACATEPÉQUEZ",GUATEMALA,7
2012,"NUEVA SANTA ROSA","SANTA ROSA",7
2012,JALPATAGUA,JUTIAPA,7
2012,"SAN AGUSTÍN ACASAGUASTLÁN","EL PROGRESO",7
2012,"SAN JUAN LA ERMITA",CHIQUIMULA,7
2012,"GUAZACAPÁN","SANTA ROSA",7
2012,"LA REFORMA","SAN MARCOS",6
2012,CHIQUIMULILLA,"SANTA ROSA",5
2012,SANARATE,"EL PROGRESO",5
2012,PATULUL,SUCHITEPEQUEZ,5
2012,"SAN JUAN CHAMELCO","ALTA VERAPAZ",5
2012,DOLORES,"EL PETEN",4
2012,ALOTENANGO,SACATEPEQUEZ,4
2012,"SAN MANUEL CHAPARRÓN",JALAPA,4
2012,ORATORIO,"SANTA ROSA",4
2012,CHUARRANCHO,GUATEMALA,4
2012,"NAHUALÁ",SOLOLA,4
2012,"EL CHOL","BAJA VERAPAZ",4
2012,"PATZÚN",CHIMALTENANGO,4
2012,"LAS CRUCES","EL PETEN",3
2012,GRANADOS,"BAJA VERAPAZ",3
2012,"SOLOLÁ",SOLOLA,3
2012,"RÍO BRAVO",SUCHITEPEQUEZ,3
2012,"SANTA CATARINA PINULA",GUATEMALA,3
2012,"SAN MIGUEL USPANTÁN",QUICHE,3
2012,SAMAYAC,SUCHITEPEQUEZ,3
2012,JEREZ,JUTIAPA,3
2012,"SANTA CRUZ NARANJO","SANTA ROSA",3
2012,"CANILLÁ",QUICHE,2
2012,"SAN MARTÍN JILOTEPEQUE",CHIMALTENANGO,2
2012,ZACUALPA,QUICHE,2
2012,"SAN RAFAEL LAS FLORES","SANTA ROSA",2
2012,CASILLAS,"SANTA ROSA",2
2012,"CAHABÓN","ALTA VERAPAZ",2
2012,"SAN JOSÉ PINULA",GUATEMALA,2
2012,"TAMAHÚ","ALTA VERAPAZ",2
2012,TACTIC,"ALTA VERAPAZ",2
2012,"SAN PEDRO LA LAGUNA",SOLOLA,2
2012,"ZAPOTITLÁN",JUTIAPA,2
2012,"CIUDAD VIEJA",SACATEPEQUEZ,2
2012,"AGUA BLANCA",JUTIAPA,2
2012,"SAN JUAN COMALAPA",CHIMALTENANGO,2
2012,NEBAJ,QUICHE,2
2012,CHINIQUE,QUICHE,2
2012,"PALESTINA DE LOS ALTOS",QUETZALTENANGO,2
2012,MATAQUESCUINTLA,JALAPA,1
2012,CHICACAO,SUCHITEPEQUEZ,1
2012,"LA UNIÓN",ZACAPA,1
2012,"SAN PEDRO AYAMPUC",GUATEMALA,1
2012,"SAN CRISTÓBAL VERAPAZ","ALTA VERAPAZ",1
2012,"SAN LUIS JILOTEPEQUE",JALAPA,1
2012,"SAN ANTONIO HUISTA",HUEHUETENANGO,1
2012,"SAN MARCOS","SAN MARCOS",1
2012,"SANTA ROSA DE LIMA","SANTA ROSA",1
2012,"SANTA CATARINA IXTAHUACÁN",SOLOLA,1
2012,SACAPULAS,QUICHE,1
2012,"LANQUÍN","ALTA VERAPAZ",1
2012,YUPILTEPEQUE,JUTIAPA,1
2012,"EL RODEO","SAN MARCOS",1
2012,"SANTA BÁRBARA",SUCHITEPEQUEZ,1
2012,PANAJACHEL,SOLOLA,1
2012,MONJAS,JALAPA,1
2012,SANSARE,"EL PROGRESO",1
2012,"SAN BARTOLOMÉ JOCOTENANGO",QUICHE,1
2012,"SAN RAFAEL PIÉ DE LA CUESTA","SAN MARCOS",1
2012,"SAN BERNARDINO",SUCHITEPEQUEZ,1
2012,ZUNILITO,SUCHITEPEQUEZ,1
2012,"SAN MIGUEL DUEÑAS",SACATEPEQUEZ,1
2012,"SAN ANDRÉS ITZAPA",CHIMALTENANGO,1
2012,"SAN JOSÉ POAQUIL",CHIMALTENANGO,1
2012,"SAN MIGUEL IXTAHUACÁN","SAN MARCOS",1
2012,TEJUTLA,"SAN MARCOS",1
2012,"SAN PEDRO SACATEPÉQUEZ","SAN MARCOS",1
2013,"AMATITLÁN",GUATEMALA,728
2013,ZACAPA,ZACAPA,626
2013,COATEPEQUE,QUETZALTENANGO,547
2013,"PUERTO BARRIOS",IZABAL,525
2013,GUATEMALA,GUATEMALA,512
2013,JUTIAPA,JUTIAPA,407
2013,"FRAY BARTOLOMÉ DE LAS CASAS","ALTA VERAPAZ",387
2013,"VILLA NUEVA",GUATEMALA,371
2013,MIXCO,GUATEMALA,334
2013,"POPTÚN","EL PETEN",306
2013,ESCUINTLA,ESCUINTLA,279
2013,"IXCÁN",QUICHE,234
2013,RETALHULEU,RETALHULEU,222
2013,CUILAPA,"SANTA ROSA",199
2013,JALPATAGUA,JUTIAPA,196
2013,"EL ESTOR",IZABAL,189
2013,"ANTIGUA GUATEMALA",SACATEPEQUEZ,181
2013,TIQUISATE,ESCUINTLA,178
2013,CHIQUIMULA,CHIQUIMULA,175
2013,"TECULUTÁN",ZACAPA,175
2013,"SAN JOSÉ DEL GOLFO",GUATEMALA,164
2013,"EL TUMBADOR","SAN MARCOS",154
2013,"SAN MIGUEL PETAPA",GUATEMALA,136
2013,"COBÁN","ALTA VERAPAZ",135
2013,"SAN ANDRÉS VILLA SECA",RETALHULEU,134
2013,"SAYAXCHÉ","EL PETEN",128
2013,JALAPA,JALAPA,127
2013,"GUALÁN",ZACAPA,125
2013,"SAN RAFAEL LAS FLORES","SANTA ROSA",125
2013,"NUEVA CONCEPCIÓN",ESCUINTLA,124
2013,"CAHABÓN","ALTA VERAPAZ",122
2013,"CAMOTÁN",CHIQUIMULA,118
2013,"SAN JERÓNIMO","BAJA VERAPAZ",117
2013,"SAN LUIS","EL PETEN",113
2013,"PUERTO DE SAN JOSÉ",ESCUINTLA,112
2013,MAZATENANGO,SUCHITEPEQUEZ,109
2013,"SANTA ROSA DE LIMA","SANTA ROSA",104
2013,DOLORES,"EL PETEN",100
2013,"LA DEMOCRACIA",HUEHUETENANGO,95
2013,"GÉNOVA",QUETZALTENANGO,87
2013,"NUEVA SANTA ROSA","SANTA ROSA",84
2013,"ASUNCIÓN MITA",JUTIAPA,82
2013,"PALÍN",ESCUINTLA,77
2013,COLOMBA,QUETZALTENANGO,74
2013,CUBULCO,"BAJA VERAPAZ",72
2013,BARBERENA,"SANTA ROSA",70
2013,"VILLA CANALES",GUATEMALA,69
2013,"JOCOTÁN",CHIQUIMULA,68
2013,LIVINGSTON,IZABAL,68
2013,CASILLAS,"SANTA ROSA",66
2013,"LOS AMATES",IZABAL,65
2013,"SAN LUIS JILOTEPEQUE",JALAPA,60
2013,CHAHAL,"ALTA VERAPAZ",54
2013,"EL PALMAR",QUETZALTENANGO,52
2013,ESQUIPULAS,CHIQUIMULA,52
2013,"SAN ANTONIO HUISTA",HUEHUETENANGO,51
2013,PANZOS,"ALTA VERAPAZ",51
2013,GUASTATOYA,"EL PROGRESO",50
2013,"SAN PEDRO AYAMPUC",GUATEMALA,50
2013,"EL CHAL","EL PETEN",50
2013,"SANTA ANA","EL PETEN",49
2013,"EL QUETZAL","SAN MARCOS",49
2013,"NUEVO SAN CARLOS",RETALHULEU,48
2013,"LA DEMOCRACIA",ESCUINTLA,47
2013,"SAN ANTONIO LA PAZ","EL PROGRESO",47
2013,"MELCHOR DE MENCOS","EL PETEN",46
2013,MORALES,IZABAL,44
2013,JACALTENANGO,HUEHUETENANGO,43
2013,"SALAMÁ","BAJA VERAPAZ",42
2013,"LA TINTA","ALTA VERAPAZ",40
2013,ORATORIO,"SANTA ROSA",38
2013,"SAN DIEGO",ZACAPA,38
2013,"SANTA ANA HUISTA",HUEHUETENANGO,36
2013,"SAN SEBASTIÁN",RETALHULEU,35
2013,"SAN CRISTÓBAL VERAPAZ","ALTA VERAPAZ",35
2013,"SAN BENITO","EL PETEN",34
2013,"FLORES COSTA CUCA",QUETZALTENANGO,34
2013,CUYOTENANGO,SUCHITEPEQUEZ,34
2013,"USUMATLÁN",ZACAPA,34
2013,"SAN LORENZO",SUCHITEPEQUEZ,34
2013,"HUITÉ",ZACAPA,34
2013,CUILCO,HUEHUETENANGO,33
2013,"EL PROGRESO",JUTIAPA,33
2013,"EL ASINTAL",RETALHULEU,32
2013,"SANTA CRUZ NARANJO","SANTA ROSA",32
2013,"SAN ANTONIO AGUAS CALIENTES",SACATEPEQUEZ,31
2013,"NUEVO PROGRESO","SAN MARCOS",31
2013,"CONCEPCIÓN LAS MINAS",CHIQUIMULA,30
2013,PAJAPITA,"SAN MARCOS",30
2013,CHAMPERICO,RETALHULEU,28
2013,"OCÓS","SAN MARCOS",27
2013,PALENCIA,GUATEMALA,27
2013,"CABAÑAS",ZACAPA,27
2013,AYUTLA,"SAN MARCOS",25
2013,"SANTA CRUZ MULÚA",RETALHULEU,25
2013,"RÍO HONDO",ZACAPA,25
2013,"SAN JOSÉ LA ARADA",CHIQUIMULA,25
2013,"SAN PEDRO CARCHÁ","ALTA VERAPAZ",24
2013,"SAN MARTÍN ZAPOTITLÁN",RETALHULEU,24
2013,CHINAUTLA,GUATEMALA,23
2013,COMAPA,JUTIAPA,23
2013,"SAN MIGUEL CHICAJ","BAJA VERAPAZ",23
2013,"SAN CRISTÓBAL ACASAGUASTLÁN","EL PROGRESO",23
2013,"SANTA LUCÍA COTZUMALGUAPA",ESCUINTLA,22
2013,"SAN JOSÉ","EL PETEN",22
2013,"SANTA CATARINA PINULA",GUATEMALA,22
2013,SAMAYAC,SUCHITEPEQUEZ,22
2013,"SANTA CATARINA BARAHONA",SACATEPEQUEZ,22
2013,QUETZALTEPEQUE,CHIQUIMULA,21
2013,"SAN VICENTE PACAYA",ESCUINTLA,21
2013,GUANAGAZAPA,ESCUINTLA,21
2013,"SAN FELIPE",RETALHULEU,21
2013,ALOTENANGO,SACATEPEQUEZ,20
2013,ESTANZUELA,ZACAPA,19
2013,"SIQUINALÁ",ESCUINTLA,19
2013,CATARINA,"SAN MARCOS",18
2013,RAXRUHA,"ALTA VERAPAZ",17
2013,"SANTO TOMÁS LA UNIÓN",SUCHITEPEQUEZ,17
2013,"SAN JOSÉ ACATEMPA",JUTIAPA,17
2013,MASAGUA,ESCUINTLA,16
2013,IZTAPA,ESCUINTLA,16
2013,SANARATE,"EL PROGRESO",16
2013,"SANTO DOMINGO SUCHITEPÉQUEZ",SUCHITEPEQUEZ,16
2013,"RÍO BRAVO",SUCHITEPEQUEZ,15
2013,QUEZADA,JUTIAPA,15
2013,"EL JÍCARO","EL PROGRESO",14
2013,"SANTA CATARINA IXTAHUACÁN",SOLOLA,14
2013,"SAN LUCAS TOLIMÁN",SOLOLA,14
2013,ATESCATEMPA,JUTIAPA,13
2013,"SAN JORGE",ZACAPA,13
2013,"LA GOMERA",ESCUINTLA,12
2013,"SAN JUAN LA ERMITA",CHIQUIMULA,12
2013,"CIUDAD VIEJA",SACATEPEQUEZ,12
2013,"NENTÓN",HUEHUETENANGO,11
2013,"SAN PABLO JOCOPILAS",SUCHITEPEQUEZ,11
2013,"SAN MANUEL CHAPARRÓN",JALAPA,11
2013,"PUEBLO NUEVO VIÑAS","SANTA ROSA",11
2013,"SAN PABLO","SAN MARCOS",11
2013,OLOPA,CHIQUIMULA,11
2013,TAXISCO,"SANTA ROSA",11
2013,"EL RODEO","SAN MARCOS",11
2013,"SAN JUAN TECUACO","SANTA ROSA",11
2013,"SAN JUAN BAUTISTA",SUCHITEPEQUEZ,11
2013,MONJAS,JALAPA,11
2013,JEREZ,JUTIAPA,11
2013,"SANTA CATARINA MITA",JUTIAPA,10
2013,CHUARRANCHO,GUATEMALA,10
2013,IPALA,CHIQUIMULA,10
2013,"SAN BERNARDINO",SUCHITEPEQUEZ,10
2013,RABINAL,"BAJA VERAPAZ",9
2013,"SAN JUAN SACATEPÉQUEZ",GUATEMALA,9
2013,"SAN PEDRO PINULA",JALAPA,9
2013,"SAN PEDRO NECTA",HUEHUETENANGO,8
2013,"SAN ANTONIO SUCHITEPÉQUEZ",SUCHITEPEQUEZ,8
2013,YEPOCAPA,CHIMALTENANGO,8
2013,"SAN MIGUEL DUEÑAS",SACATEPEQUEZ,7
2013,"SAN JOSÉ EL IDOLO",SUCHITEPEQUEZ,7
2013,"SAN JOSÉ POAQUIL",CHIMALTENANGO,7
2013,FRAIJANES,GUATEMALA,6
2013,PATULUL,SUCHITEPEQUEZ,6
2013,"SAN RAFAEL PIÉ DE LA CUESTA","SAN MARCOS",6
2013,"SAN MARTÍN JILOTEPEQUE",CHIMALTENANGO,5
2013,"MORAZÁN","EL PROGRESO",5
2013,TACTIC,"ALTA VERAPAZ",5
2013,"SANTA BÁRBARA",SUCHITEPEQUEZ,5
2013,PANAJACHEL,SOLOLA,5
2013,"EL ADELANTO",JUTIAPA,5
2013,"EL CHOL","BAJA VERAPAZ",5
2013,CHIQUIMULILLA,"SANTA ROSA",4
2013,"MALACATÁN","SAN MARCOS",4
2013,CHIMALTENANGO,CHIMALTENANGO,4
2013,CHICACAO,SUCHITEPEQUEZ,4
2013,"TUCURÚ","ALTA VERAPAZ",4
2013,"SAN MARCOS","SAN MARCOS",4
2013,YUPILTEPEQUE,JUTIAPA,4
2013,"SENAHÚ","ALTA VERAPAZ",4
2013,"SAN FRANCISCO ZAPOTITLÁN",SUCHITEPEQUEZ,4
2013,"PATZITÉ",QUICHE,4
2013,"SAN AGUSTÍN ACASAGUASTLÁN","EL PROGRESO",3
2013,"LA REFORMA","SAN MARCOS",3
2013,MOYUTA,JUTIAPA,3
2013,PASTORES,SACATEPEQUEZ,3
2013,SANSARE,"EL PROGRESO",3
2013,ZUNILITO,SUCHITEPEQUEZ,3
2013,"AGUA BLANCA",JUTIAPA,3
2013,"SAN ANDRÉS","EL PETEN",2
2013,JOYABAJ,QUICHE,2
2013,"LA LIBERTAD","EL PETEN",2
2013,"LA UNIÓN",ZACAPA,2
2013,"LAS CRUCES","EL PETEN",2
2013,"SAN JACINTO",CHIQUIMULA,2
2013,"SANTA MARÍA IXHUATÁN","SANTA ROSA",2
2013,"SAN GABRIEL",SUCHITEPEQUEZ,2
2013,"SAN BARTOLOMÉ JOCOTENANGO",QUICHE,2
2013,"NAHUALÁ",SOLOLA,2
2013,"SAN CARLOS ALZATATE",JALAPA,2
2013,"PUEBLO NUEVO SUCHITEPÉQUEZ",SUCHITEPEQUEZ,2
2013,POCHUTA,CHIMALTENANGO,2
2013,CHINIQUE,QUICHE,2
2013,HUEHUETENANGO,HUEHUETENANGO,1
2013,"SOLOLÁ",SOLOLA,1
2013,"SAN JOSÉ PINULA",GUATEMALA,1
2013,CONGUACO,JUTIAPA,1
2013,"LA LIBERTAD",HUEHUETENANGO,1
2013,"TAMAHÚ","ALTA VERAPAZ",1
2013,PASACO,JUTIAPA,1
2013,"SAN MIGUEL USPANTÁN",QUICHE,1
2013,"SANTA CRUZ DEL QUICHÉ",QUICHE,1
2013,"SAN LUCAS SACATEPÉQUEZ",SACATEPEQUEZ,1
2013,SUMPANGO,SACATEPEQUEZ,1
2013,"SAN JUAN LA LAGUNA",SOLOLA,1
2013,"SAN JUAN CHAMELCO","ALTA VERAPAZ",1
2013,"PURULHÁ","BAJA VERAPAZ",1
2013,"SAN SEBASTIÁN HUEHUETENANGO",HUEHUETENANGO,1
2013,JOCOTENANGO,SACATEPEQUEZ,1
2013,"SAN JUAN ATITÁN",HUEHUETENANGO,1
2013,"SAN ANDRÉS XECUL",TOTONICAPAN,1
2013,"SANTA MARÍA DE JESÚS",SACATEPEQUEZ,1
2013,CHAJUL,QUICHE,1
2013,"CONCEPCIÓN",SOLOLA,1
2014,GUATEMALA,GUATEMALA,2048
2014,COATEPEQUE,QUETZALTENANGO,1883
2014,ESCUINTLA,ESCUINTLA,1077
2014,"ANTIGUA GUATEMALA",SACATEPEQUEZ,1065
2014,AYUTLA,"SAN MARCOS",819
2014,ZACAPA,ZACAPA,807
2014,RETALHULEU,RETALHULEU,788
2014,"PUERTO BARRIOS",IZABAL,694
2014,MIXCO,GUATEMALA,681
2014,BARBERENA,"SANTA ROSA",578
2014,"EL JÍCARO","EL PROGRESO",462
2014,"VILLA NUEVA",GUATEMALA,357
2014,"SAN ANDRÉS VILLA SECA",RETALHULEU,336
2014,CUILAPA,"SANTA ROSA",316
2014,CHIQUIMULA,CHIQUIMULA,310
2014,"AMATITLÁN",GUATEMALA,303
2014,TIQUISATE,ESCUINTLA,281
2014,GUASTATOYA,"EL PROGRESO",255
2014,CHIQUIMULILLA,"SANTA ROSA",242
2014,"EL PALMAR",QUETZALTENANGO,242
2014,"GÉNOVA",QUETZALTENANGO,223
2014,JUTIAPA,JUTIAPA,210
2014,"VILLA CANALES",GUATEMALA,191
2014,ESTANZUELA,ZACAPA,189
2014,"SALAMÁ","BAJA VERAPAZ",183
2014,"NUEVA SANTA ROSA","SANTA ROSA",178
2014,JALAPA,JALAPA,151
2014,"SAN MIGUEL PETAPA",GUATEMALA,148
2014,"GUALÁN",ZACAPA,137
2014,"NUEVA CONCEPCIÓN",ESCUINTLA,131
2014,"COBÁN","ALTA VERAPAZ",129
2014,COLOMBA,QUETZALTENANGO,116
2014,"LA GOMERA",ESCUINTLA,109
2014,"IXCÁN",QUICHE,105
2014,"PALÍN",ESCUINTLA,103
2014,"FLORES COSTA CUCA",QUETZALTENANGO,100
2014,PAJAPITA,"SAN MARCOS",100
2014,LIVINGSTON,IZABAL,96
2014,JALPATAGUA,JUTIAPA,87
2014,"SANTA ROSA DE LIMA","SANTA ROSA",87
2014,"SAN ANTONIO SUCHITEPÉQUEZ",SUCHITEPEQUEZ,82
2014,MASAGUA,ESCUINTLA,79
2014,"MALACATÁN","SAN MARCOS",79
2014,"TECULUTÁN",ZACAPA,78
2014,"EL TUMBADOR","SAN MARCOS",77
2014,MORALES,IZABAL,74
2014,"EL ASINTAL",RETALHULEU,74
2014,"OCÓS","SAN MARCOS",71
2014,"EL QUETZAL","SAN MARCOS",67
2014,"FRAY BARTOLOMÉ DE LAS CASAS","ALTA VERAPAZ",65
2014,"JOCOTÁN",CHIQUIMULA,65
2014,CUYOTENANGO,SUCHITEPEQUEZ,64
2014,"SAN AGUSTÍN ACASAGUASTLÁN","EL PROGRESO",64
2014,"SAN JOSÉ DEL GOLFO",GUATEMALA,60
2014,"USUMATLÁN",ZACAPA,60
2014,MAZATENANGO,SUCHITEPEQUEZ,57
2014,"PUERTO DE SAN JOSÉ",ESCUINTLA,55
2014,"LOS AMATES",IZABAL,55
2014,"SAN GABRIEL",SUCHITEPEQUEZ,55
2014,"RÍO BRAVO",SUCHITEPEQUEZ,54
2014,"SAN JORGE",ZACAPA,49
2014,"SAN JOSÉ LA ARADA",CHIQUIMULA,49
2014,ALOTENANGO,SACATEPEQUEZ,48
2014,"EL CHAL","EL PETEN",46
2014,"POPTÚN","EL PETEN",41
2014,TAXISCO,"SANTA ROSA",41
2014,CATARINA,"SAN MARCOS",40
2014,"SAN VICENTE PACAYA",ESCUINTLA,39
2014,"SANTO TOMÁS LA UNIÓN",SUCHITEPEQUEZ,39
2014,"MORAZÁN","EL PROGRESO",38
2014,"SIQUINALÁ",ESCUINTLA,37
2014,"SAN RAFAEL LAS FLORES","SANTA ROSA",36
2014,"NUEVO PROGRESO","SAN MARCOS",36
2014,"SANTA CATARINA IXTAHUACÁN",SOLOLA,36
2014,"SANTA LUCÍA COTZUMALGUAPA",ESCUINTLA,34
2014,"ASUNCIÓN MITA",JUTIAPA,34
2014,IZTAPA,ESCUINTLA,34
2014,"SAN SEBASTIÁN",RETALHULEU,33
2014,"SAN MIGUEL DUEÑAS",SACATEPEQUEZ,33
2014,CUBULCO,"BAJA VERAPAZ",32
2014,"CAMOTÁN",CHIQUIMULA,31
2014,"LA DEMOCRACIA",HUEHUETENANGO,30
2014,"SAN JUAN SACATEPÉQUEZ",GUATEMALA,30
2014,"EL ESTOR",IZABAL,29
2014,"SAN JERÓNIMO","BAJA VERAPAZ",28
2014,"SAN CRISTÓBAL ACASAGUASTLÁN","EL PROGRESO",27
2014,"SANTA CRUZ VERAPAZ","ALTA VERAPAZ",26
2014,"LA DEMOCRACIA",ESCUINTLA,25
2014,PATULUL,SUCHITEPEQUEZ,25
2014,"HUITÉ",ZACAPA,25
2014,CASILLAS,"SANTA ROSA",24
2014,"CAHABÓN","ALTA VERAPAZ",24
2014,"PUEBLO NUEVO VIÑAS","SANTA ROSA",24
2014,GUANAGAZAPA,ESCUINTLA,23
2014,"SAN MARCOS","SAN MARCOS",23
2014,CHAMPERICO,RETALHULEU,22
2014,"SAN FRANCISCO","EL PETEN",22
2014,"CIUDAD VIEJA",SACATEPEQUEZ,21
2014,"SANTA ANA","EL PETEN",20
2014,ESQUIPULAS,CHIQUIMULA,20
2014,DOLORES,"EL PETEN",19
2014,"RÍO HONDO",ZACAPA,19
2014,"SAN BERNARDINO",SUCHITEPEQUEZ,19
2014,"SAN JOSÉ ACATEMPA",JUTIAPA,18
2014,"SAN FELIPE",RETALHULEU,18
2014,"GUAZACAPÁN","SANTA ROSA",18
2014,"SAYAXCHÉ","EL PETEN",17
2014,"SAN PEDRO PINULA",JALAPA,17
2014,RABINAL,"BAJA VERAPAZ",16
2014,"CABAÑAS",ZACAPA,16
2014,COMAPA,JUTIAPA,16
2014,MOYUTA,JUTIAPA,16
2014,CHAHAL,"ALTA VERAPAZ",14
2014,"NUEVO SAN CARLOS",RETALHULEU,14
2014,"SAN PABLO","SAN MARCOS",14
2014,"LA LIBERTAD",HUEHUETENANGO,14
2014,"SAN MIGUEL CHICAJ","BAJA VERAPAZ",14
2014,"SANTA CRUZ MULÚA",RETALHULEU,13
2014,"ZAPOTITLÁN",JUTIAPA,13
2014,"SANTO DOMINGO SUCHITEPÉQUEZ",SUCHITEPEQUEZ,13
2014,JOCOTENANGO,SACATEPEQUEZ,13
2014,"CONCEPCIÓN LAS MINAS",CHIQUIMULA,12
2014,FLORES,"EL PETEN",11
2014,ORATORIO,"SANTA ROSA",11
2014,"SAN JOSÉ","EL PETEN",11
2014,"SAN MARTÍN ZAPOTITLÁN",RETALHULEU,11
2014,"SAN ANTONIO LA PAZ","EL PROGRESO",11
2014,"SAN LORENZO",SUCHITEPEQUEZ,11
2014,JEREZ,JUTIAPA,11
2014,"SAN ANDRÉS","EL PETEN",10
2014,CHICACAO,SUCHITEPEQUEZ,10
2014,CHINAUTLA,GUATEMALA,10
2014,"SAN LUIS","EL PETEN",10
2014,QUETZALTEPEQUE,CHIQUIMULA,10
2014,"SANTA CATARINA MITA",JUTIAPA,10
2014,"SANTA MARÍA IXHUATÁN","SANTA ROSA",10
2014,YEPOCAPA,CHIMALTENANGO,10
2014,SAMAYAC,SUCHITEPEQUEZ,10
2014,JACALTENANGO,HUEHUETENANGO,9
2014,"SAN LUIS JILOTEPEQUE",JALAPA,9
2014,"SAN PABLO JOCOPILAS",SUCHITEPEQUEZ,8
2014,"SANTA ANA HUISTA",HUEHUETENANGO,8
2014,"SAN CRISTÓBAL VERAPAZ","ALTA VERAPAZ",8
2014,"NAHUALÁ",SOLOLA,8
2014,"SANTA CATARINA BARAHONA",SACATEPEQUEZ,8
2014,"PUEBLO NUEVO SUCHITEPÉQUEZ",SUCHITEPEQUEZ,8
2014,PALENCIA,GUATEMALA,7
2014,GRANADOS,"BAJA VERAPAZ",7
2014,"SAN JACINTO",CHIQUIMULA,7
2014,CHUARRANCHO,GUATEMALA,7
2014,"SAN ANTONIO HUISTA",HUEHUETENANGO,7
2014,SANARATE,"EL PROGRESO",7
2014,"SAN LUCAS TOLIMÁN",SOLOLA,7
2014,"SAN JUAN BAUTISTA",SUCHITEPEQUEZ,7
2014,"SAN ANTONIO AGUAS CALIENTES",SACATEPEQUEZ,6
2014,"SAN MANUEL CHAPARRÓN",JALAPA,6
2014,"EL RODEO","SAN MARCOS",6
2014,SANSARE,"EL PROGRESO",6
2014,"EL PROGRESO",JUTIAPA,6
2014,"SAN JUAN LA ERMITA",CHIQUIMULA,5
2014,"SAN DIEGO",ZACAPA,5
2014,IPALA,CHIQUIMULA,5
2014,PASTORES,SACATEPEQUEZ,5
2014,"SAN PEDRO LA LAGUNA",SOLOLA,5
2014,"SAN RAYMUNDO",GUATEMALA,5
2014,PANAJACHEL,SOLOLA,5
2014,"AGUA BLANCA",JUTIAPA,5
2014,"SAN JOSÉ EL IDOLO",SUCHITEPEQUEZ,5
2014,QUETZALTENANGO,QUETZALTENANGO,4
2014,"NENTÓN",HUEHUETENANGO,4
2014,"SAN MIGUEL PANÁN",SUCHITEPEQUEZ,4
2014,"SAN PEDRO SACATEPÉQUEZ",GUATEMALA,4
2014,"MELCHOR DE MENCOS","EL PETEN",4
2014,"TAMAHÚ","ALTA VERAPAZ",4
2014,OLOPA,CHIQUIMULA,4
2014,"LANQUÍN","ALTA VERAPAZ",4
2014,"CHICHÉ",QUICHE,4
2014,"SAN MARTÍN JILOTEPEQUE",CHIMALTENANGO,3
2014,"SAN PEDRO AYAMPUC",GUATEMALA,3
2014,QUEZADA,JUTIAPA,3
2014,"SAN FRANCISCO ZAPOTITLÁN",SUCHITEPEQUEZ,3
2014,ZUNILITO,SUCHITEPEQUEZ,3
2014,"SANTA LUCÍA MILPAS ALTAS",SACATEPEQUEZ,3
2014,POCHUTA,CHIMALTENANGO,3
2014,"PATZITÉ",QUICHE,3
2014,RAXRUHA,"ALTA VERAPAZ",2
2014,ATESCATEMPA,JUTIAPA,2
2014,"SAN PEDRO NECTA",HUEHUETENANGO,2
2014,"SAN PEDRO CARCHÁ","ALTA VERAPAZ",2
2014,"SAN JOSÉ PINULA",GUATEMALA,2
2014,"SAN JUAN TECUACO","SANTA ROSA",2
2014,"SANTA BÁRBARA",SUCHITEPEQUEZ,2
2014,"SANTA CRUZ NARANJO","SANTA ROSA",2
2014,MOMOSTENANGO,TOTONICAPAN,2
2014,"PURULHÁ","BAJA VERAPAZ",2
2014,SIBINAL,"SAN MARCOS",2
2014,CHICHICASTENANGO,QUICHE,2
2014,"SAN BENITO","EL PETEN",1
2014,"LA LIBERTAD","EL PETEN",1
2014,HUEHUETENANGO,HUEHUETENANGO,1
2014,MATAQUESCUINTLA,JALAPA,1
2014,"LAS CRUCES","EL PETEN",1
2014,"LA REFORMA","SAN MARCOS",1
2014,CONGUACO,JUTIAPA,1
2014,"SANTA CRUZ DEL QUICHÉ",QUICHE,1
2014,YUPILTEPEQUE,JUTIAPA,1
2014,MONJAS,JALAPA,1
2014,"SAN BARTOLOMÉ JOCOTENANGO",QUICHE,1
2014,"EL CHOL","BAJA VERAPAZ",1
2014,"SANTA LUCÍA UTATLÁN",SOLOLA,1
2014,"SAN BARTOLO",TOTONICAPAN,1
2014,"SANTA MARÍA CHIQUIMULA",TOTONICAPAN,1
2014,"SAN JUAN OSTUNCALCO",QUETZALTENANGO,1
2014,"SANTA MARÍA VISITACIÓN",SOLOLA,1
2014,"SAN MIGUEL SIGÜILÁ",QUETZALTENANGO,1
2015,GUATEMALA,GUATEMALA,3148
2015,MIXCO,GUATEMALA,2777
2015,"ANTIGUA GUATEMALA",SACATEPEQUEZ,855
2015,"VILLA NUEVA",GUATEMALA,711
2015,"AMATITLÁN",GUATEMALA,608
2015,ESCUINTLA,ESCUINTLA,581
2015,COATEPEQUE,QUETZALTENANGO,566
2015,RABINAL,"BAJA VERAPAZ",440
2015,"SAN JUAN SACATEPÉQUEZ",GUATEMALA,429
2015,"NUEVA SANTA ROSA","SANTA ROSA",285
2015,"SANTA LUCÍA COTZUMALGUAPA",ESCUINTLA,265
2015,RAXRUHA,"ALTA VERAPAZ",245
2015,"MALACATÁN","SAN MARCOS",239
2015,"SALAMÁ","BAJA VERAPAZ",238
2015,PANAJACHEL,SOLOLA,234
2015,"PUERTO BARRIOS",IZABAL,210
2015,CUILAPA,"SANTA ROSA",205
2015,"SAN LUCAS TOLIMÁN",SOLOLA,196
2015,"LA DEMOCRACIA",HUEHUETENANGO,195
2015,CHINAUTLA,GUATEMALA,195
2015,"SAN PEDRO AYAMPUC",GUATEMALA,195
2015,BARBERENA,"SANTA ROSA",187
2015,CHAHAL,"ALTA VERAPAZ",180
2015,RETALHULEU,RETALHULEU,177
2015,CHIQUIMULILLA,"SANTA ROSA",169
2015,"SAN MIGUEL PETAPA",GUATEMALA,157
2015,ESQUIPULAS,CHIQUIMULA,147
2015,TIQUISATE,ESCUINTLA,142
2015,"VILLA CANALES",GUATEMALA,122
2015,CUBULCO,"BAJA VERAPAZ",120
2015,"EL TUMBADOR","SAN MARCOS",118
2015,MASAGUA,ESCUINTLA,109
2015,"LA GOMERA",ESCUINTLA,107
2015,"SAN FRANCISCO","EL PETEN",107
2015,"PUEBLO NUEVO VIÑAS","SANTA ROSA",106
2015,ZACAPA,ZACAPA,103
2015,JACALTENANGO,HUEHUETENANGO,100
2015,AYUTLA,"SAN MARCOS",96
2015,"POPTÚN","EL PETEN",91
2015,"EL QUETZAL","SAN MARCOS",85
2015,CHIQUIMULA,CHIQUIMULA,82
2015,ESTANZUELA,ZACAPA,82
2015,"LA UNIÓN",ZACAPA,80
2015,COLOMBA,QUETZALTENANGO,80
2015,"NUEVA CONCEPCIÓN",ESCUINTLA,76
2015,"NENTÓN",HUEHUETENANGO,74
2015,"LA DEMOCRACIA",ESCUINTLA,69
2015,"SAN MIGUEL CHICAJ","BAJA VERAPAZ",67
2015,"EL PALMAR",QUETZALTENANGO,66
2015,"LOS AMATES",IZABAL,66
2015,"FRAY BARTOLOMÉ DE LAS CASAS","ALTA VERAPAZ",65
2015,"CAHABÓN","ALTA VERAPAZ",62
2015,"EL JÍCARO","EL PROGRESO",61
2015,"PALÍN",ESCUINTLA,61
2015,ALOTENANGO,SACATEPEQUEZ,59
2015,"SAN ANTONIO HUISTA",HUEHUETENANGO,55
2015,"SAN PABLO","SAN MARCOS",54
2015,"LANQUÍN","ALTA VERAPAZ",52
2015,"SAN JERÓNIMO","BAJA VERAPAZ",51
2015,CASILLAS,"SANTA ROSA",49
2015,"COBÁN","ALTA VERAPAZ",47
2015,"SAN VICENTE PACAYA",ESCUINTLA,47
2015,"NUEVO PROGRESO","SAN MARCOS",45
2015,"FLORES COSTA CUCA",QUETZALTENANGO,43
2015,JALPATAGUA,JUTIAPA,42
2015,"SANTA CATARINA MITA",JUTIAPA,41
2015,"SAN RAFAEL LAS FLORES","SANTA ROSA",40
2015,CHUARRANCHO,GUATEMALA,40
2015,"GÉNOVA",QUETZALTENANGO,39
2015,"SANTA ROSA DE LIMA","SANTA ROSA",39
2015,"SAN ANDRÉS VILLA SECA",RETALHULEU,38
2015,"CIUDAD VIEJA",SACATEPEQUEZ,38
2015,"GUAZACAPÁN","SANTA ROSA",36
2015,IPALA,CHIQUIMULA,36
2015,"ZAPOTITLÁN",JUTIAPA,36
2015,MORALES,IZABAL,35
2015,"EL ASINTAL",RETALHULEU,35
2015,"SAN BENITO","EL PETEN",31
2015,MAZATENANGO,SUCHITEPEQUEZ,31
2015,GUASTATOYA,"EL PROGRESO",31
2015,"SANTA CATARINA IXTAHUACÁN",SOLOLA,31
2015,"JOCOTÁN",CHIQUIMULA,29
2015,"SANTA CATARINA BARAHONA",SACATEPEQUEZ,29
2015,"IXCÁN",QUICHE,28
2015,"MELCHOR DE MENCOS","EL PETEN",28
2015,PAJAPITA,"SAN MARCOS",28
2015,"SAN DIEGO",ZACAPA,28
2015,"SAN RAYMUNDO",GUATEMALA,28
2015,ATESCATEMPA,JUTIAPA,26
2015,"GUALÁN",ZACAPA,24
2015,IZTAPA,ESCUINTLA,24
2015,"CAMOTÁN",CHIQUIMULA,23
2015,JALAPA,JALAPA,22
2015,"NUEVO SAN CARLOS",RETALHULEU,22
2015,"LA REFORMA","SAN MARCOS",22
2015,CUYOTENANGO,SUCHITEPEQUEZ,21
2015,"TECULUTÁN",ZACAPA,21
2015,ORATORIO,"SANTA ROSA",21
2015,"OCÓS","SAN MARCOS",20
2015,"SAN ANTONIO AGUAS CALIENTES",SACATEPEQUEZ,20
2015,"SAN PEDRO SACATEPÉQUEZ",GUATEMALA,20
2015,"EL CHAL","EL PETEN",20
2015,GUANAGAZAPA,ESCUINTLA,20
2015,"SAN MARTÍN ZAPOTITLÁN",RETALHULEU,20
2015,PASACO,JUTIAPA,20
2015,"SIQUINALÁ",ESCUINTLA,19
2015,COMAPA,JUTIAPA,19
2015,FLORES,"EL PETEN",18
2015,JUTIAPA,JUTIAPA,18
2015,LIVINGSTON,IZABAL,18
2015,"SAN JOSÉ DEL GOLFO",GUATEMALA,18
2015,"RÍO HONDO",ZACAPA,18
2015,YEPOCAPA,CHIMALTENANGO,18
2015,"SAN MIGUEL DUEÑAS",SACATEPEQUEZ,18
2015,"SAYAXCHÉ","EL PETEN",17
2015,"SANTIAGO ATITLÁN",SOLOLA,16
2015,"PUERTO DE SAN JOSÉ",ESCUINTLA,16
2015,"SANTO TOMÁS LA UNIÓN",SUCHITEPEQUEZ,15
2015,CHIMALTENANGO,CHIMALTENANGO,14
2015,CATARINA,"SAN MARCOS",14
2015,"SAN JOSÉ ACATEMPA",JUTIAPA,14
2015,"EL RODEO","SAN MARCOS",14
2015,"SAN PEDRO CARCHÁ","ALTA VERAPAZ",13
2015,"SANTA CRUZ VERAPAZ","ALTA VERAPAZ",13
2015,"SAN JUAN TECUACO","SANTA ROSA",13
2015,"HUITÉ",ZACAPA,13
2015,"EL ESTOR",IZABAL,12
2015,"LAS CRUCES","EL PETEN",11
2015,"SAN LUIS","EL PETEN",11
2015,QUETZALTEPEQUE,CHIQUIMULA,11
2015,"SANTA ANA","EL PETEN",11
2015,"SANTA CRUZ MULÚA",RETALHULEU,11
2015,"SAN FELIPE",RETALHULEU,11
2015,"SAN JOSÉ LA ARADA",CHIQUIMULA,11
2015,"SAN ANDRÉS","EL PETEN",10
2015,"SAN CARLOS ALZATATE",JALAPA,10
2015,GRANADOS,"BAJA VERAPAZ",9
2015,"CABAÑAS",ZACAPA,9
2015,QUEZADA,JUTIAPA,9
2015,"LA LIBERTAD","EL PETEN",8
2015,TAXISCO,"SANTA ROSA",8
2015,"SANTA BÁRBARA",SUCHITEPEQUEZ,8
2015,DOLORES,"EL PETEN",7
2015,"SAN SEBASTIÁN",RETALHULEU,7
2015,"SANTA ANA HUISTA",HUEHUETENANGO,6
2015,"SAN MARCOS","SAN MARCOS",6
2015,MOYUTA,JUTIAPA,6
2015,MALACATANCITO,HUEHUETENANGO,6
2015,JOCOTENANGO,SACATEPEQUEZ,6
2015,SIBINAL,"SAN MARCOS",6
2015,"MORAZÁN","EL PROGRESO",5
2015,"CONCEPCIÓN LAS MINAS",CHIQUIMULA,5
2015,"SAN JORGE",ZACAPA,5
2015,"SAN ANTONIO LA PAZ","EL PROGRESO",5
2015,SANARATE,"EL PROGRESO",5
2015,PATULUL,SUCHITEPEQUEZ,5
2015,MONJAS,JALAPA,5
2015,MOMOSTENANGO,TOTONICAPAN,5
2015,"SAN JOSÉ POAQUIL",CHIMALTENANGO,5
2015,"SAN PEDRO NECTA",HUEHUETENANGO,4
2015,"SAN MIGUEL USPANTÁN",QUICHE,4
2015,"SAN PEDRO PINULA",JALAPA,4
2015,PASTORES,SACATEPEQUEZ,4
2015,SAMAYAC,SUCHITEPEQUEZ,4
2015,"SANTA CRUZ NARANJO","SANTA ROSA",4
2015,POCHUTA,CHIMALTENANGO,4
2015,PALENCIA,GUATEMALA,3
2015,"LA TINTA","ALTA VERAPAZ",3
2015,"SAN JOSÉ PINULA",GUATEMALA,3
2015,CONGUACO,JUTIAPA,3
2015,"USUMATLÁN",ZACAPA,3
2015,OLOPA,CHIQUIMULA,3
2015,"EL ADELANTO",JUTIAPA,3
2015,SANSARE,"EL PROGRESO",3
2015,JEREZ,JUTIAPA,3
2015,"CHICHÉ",QUICHE,3
2015,CUILCO,HUEHUETENANGO,2
2015,CHICACAO,SUCHITEPEQUEZ,2
2015,"ASUNCIÓN MITA",JUTIAPA,2
2015,"SOLOLÁ",SOLOLA,2
2015,"RÍO BRAVO",SUCHITEPEQUEZ,2
2015,"SAN CRISTÓBAL VERAPAZ","ALTA VERAPAZ",2
2015,"PACHALÚN",QUICHE,2
2015,"SAN LUIS JILOTEPEQUE",JALAPA,2
2015,ACATENANGO,CHIMALTENANGO,2
2015,SACAPULAS,QUICHE,2
2015,PANZOS,"ALTA VERAPAZ",2
2015,"SAN FRANCISCO ZAPOTITLÁN",SUCHITEPEQUEZ,2
2015,"PUEBLO NUEVO SUCHITEPÉQUEZ",SUCHITEPEQUEZ,2
2015,QUETZALTENANGO,QUETZALTENANGO,1
2015,JOYABAJ,QUICHE,1
2015,CHAMPERICO,RETALHULEU,1
2015,"PATZICÍA",CHIMALTENANGO,1
2015,ZACUALPA,QUICHE,1
2015,"LA LIBERTAD",HUEHUETENANGO,1
2015,FRAIJANES,GUATEMALA,1
2015,"SANTA CRUZ DEL QUICHÉ",QUICHE,1
2015,TACTIC,"ALTA VERAPAZ",1
2015,"SAN CRISTÓBAL ACASAGUASTLÁN","EL PROGRESO",1
2015,"SAN JUAN BAUTISTA",SUCHITEPEQUEZ,1
2015,"EL PROGRESO",JUTIAPA,1
2015,"SAN RAFAEL PIÉ DE LA CUESTA","SAN MARCOS",1
2015,"SAN ANDRÉS ITZAPA",CHIMALTENANGO,1
2015,"SAN JOSÉ EL IDOLO",SUCHITEPEQUEZ,1
2015,"SAN ANTONIO PALOPÓ",SOLOLA,1
2015,"UNION CANTINIL",HUEHUETENANGO,1
2015,CHINIQUE,QUICHE,1
2015,TEJUTLA,"SAN MARCOS",1
2015,"SAN JUAN OSTUNCALCO",QUETZALTENANGO,1
2015,"ESQUIPULAS PALO GORDO","SAN MARCOS",1
2016,MIXCO,GUATEMALA,1230
2016,GUATEMALA,GUATEMALA,1067
2016,"ANTIGUA GUATEMALA",SACATEPEQUEZ,939
2016,"VILLA NUEVA",GUATEMALA,365
2016,"SANTIAGO ATITLÁN",SOLOLA,327
2016,JACALTENANGO,HUEHUETENANGO,315
2016,CHAHAL,"ALTA VERAPAZ",218
2016,"CANILLÁ",QUICHE,181
2016,"SAN ANTONIO HUISTA",HUEHUETENANGO,160
2016,COLOMBA,QUETZALTENANGO,159
2016,CUILAPA,"SANTA ROSA",150
2016,"PUEBLO NUEVO VIÑAS","SANTA ROSA",149
2016,"AMATITLÁN",GUATEMALA,135
2016,ESCUINTLA,ESCUINTLA,119
2016,BARBERENA,"SANTA ROSA",114
2016,TIQUISATE,ESCUINTLA,110
2016,"PUERTO BARRIOS",IZABAL,94
2016,COATEPEQUE,QUETZALTENANGO,93
2016,CHUARRANCHO,GUATEMALA,92
2016,"FRAY BARTOLOMÉ DE LAS CASAS","ALTA VERAPAZ",90
2016,"VILLA CANALES",GUATEMALA,87
2016,"MALACATÁN","SAN MARCOS",77
2016,RABINAL,"BAJA VERAPAZ",76
2016,"NUEVA SANTA ROSA","SANTA ROSA",76
2016,"CAHABÓN","ALTA VERAPAZ",76
2016,"SAN JUAN SACATEPÉQUEZ",GUATEMALA,73
2016,"NENTÓN",HUEHUETENANGO,67
2016,"LA GOMERA",ESCUINTLA,66
2016,"POPTÚN","EL PETEN",61
2016,CASILLAS,"SANTA ROSA",60
2016,"EL PALMAR",QUETZALTENANGO,54
2016,"SAN PEDRO AYAMPUC",GUATEMALA,51
2016,"SAN MIGUEL PETAPA",GUATEMALA,46
2016,"LA DEMOCRACIA",HUEHUETENANGO,44
2016,JALAPA,JALAPA,44
2016,"SAN CRISTÓBAL VERAPAZ","ALTA VERAPAZ",44
2016,"SAN PABLO","SAN MARCOS",44
2016,"EL ESTOR",IZABAL,43
2016,"COBÁN","ALTA VERAPAZ",43
2016,"EL QUETZAL","SAN MARCOS",39
2016,"LA DEMOCRACIA",ESCUINTLA,38
2016,LIVINGSTON,IZABAL,37
2016,"GUALÁN",ZACAPA,36
2016,"JOCOTÁN",CHIQUIMULA,33
2016,"FLORES COSTA CUCA",QUETZALTENANGO,33
2016,CUBULCO,"BAJA VERAPAZ",33
2016,"PACHALÚN",QUICHE,32
2016,"SAN RAYMUNDO",GUATEMALA,32
2016,PANAJACHEL,SOLOLA,32
2016,"SAN BENITO","EL PETEN",31
2016,RETALHULEU,RETALHULEU,31
2016,"SAYAXCHÉ","EL PETEN",31
2016,"CAMOTÁN",CHIQUIMULA,31
2016,"SAN JUAN LA ERMITA",CHIQUIMULA,31
2016,"NUEVA CONCEPCIÓN",ESCUINTLA,30
2016,CHIQUIMULILLA,"SANTA ROSA",29
2016,JOYABAJ,QUICHE,29
2016,"IXCÁN",QUICHE,28
2016,"SAN VICENTE PACAYA",ESCUINTLA,28
2016,YEPOCAPA,CHIMALTENANGO,28
2016,GUASTATOYA,"EL PROGRESO",26
2016,"PALÍN",ESCUINTLA,26
2016,ESQUIPULAS,CHIQUIMULA,25
2016,COMAPA,JUTIAPA,24
2016,GUANAGAZAPA,ESCUINTLA,23
2016,"LANQUÍN","ALTA VERAPAZ",23
2016,"CIUDAD VIEJA",SACATEPEQUEZ,23
2016,"EL TUMBADOR","SAN MARCOS",22
2016,"SAN LUIS","EL PETEN",22
2016,"MELCHOR DE MENCOS","EL PETEN",22
2016,"SANTA CATARINA MITA",JUTIAPA,22
2016,"SANTA ROSA DE LIMA","SANTA ROSA",22
2016,"SANTA LUCÍA COTZUMALGUAPA",ESCUINTLA,20
2016,AYUTLA,"SAN MARCOS",20
2016,"SANTA ANA HUISTA",HUEHUETENANGO,18
2016,"SANTA CRUZ VERAPAZ","ALTA VERAPAZ",18
2016,"SIQUINALÁ",ESCUINTLA,18
2016,"SANTO TOMÁS LA UNIÓN",SUCHITEPEQUEZ,17
2016,ORATORIO,"SANTA ROSA",17
2016,"SAN RAFAEL LAS FLORES","SANTA ROSA",15
2016,"LOS AMATES",IZABAL,15
2016,"SAN DIEGO",ZACAPA,15
2016,"SAN MARTÍN ZAPOTITLÁN",RETALHULEU,15
2016,MORALES,IZABAL,14
2016,"GÉNOVA",QUETZALTENANGO,14
2016,MASAGUA,ESCUINTLA,13
2016,CUILCO,HUEHUETENANGO,13
2016,CHINAUTLA,GUATEMALA,13
2016,"SAN LUIS JILOTEPEQUE",JALAPA,13
2016,"SAN JOSÉ LA ARADA",CHIQUIMULA,13
2016,"EL JÍCARO","EL PROGRESO",12
2016,IPALA,CHIQUIMULA,12
2016,QUEZADA,JUTIAPA,12
2016,"OCÓS","SAN MARCOS",11
2016,"LAS CRUCES","EL PETEN",11
2016,"SANTA ANA","EL PETEN",11
2016,ESTANZUELA,ZACAPA,11
2016,"PUERTO DE SAN JOSÉ",ESCUINTLA,11
2016,"EL ASINTAL",RETALHULEU,11
2016,"SANTA CATARINA IXTAHUACÁN",SOLOLA,11
2016,PANZOS,"ALTA VERAPAZ",11
2016,"SAN MIGUEL DUEÑAS",SACATEPEQUEZ,11
2016,"NUEVO PROGRESO","SAN MARCOS",10
2016,"SAN MARCOS","SAN MARCOS",10
2016,TAXISCO,"SANTA ROSA",10
2016,"CONCEPCIÓN LAS MINAS",CHIQUIMULA,9
2016,CONGUACO,JUTIAPA,9
2016,OLOPA,CHIQUIMULA,9
2016,"SAN PEDRO PINULA",JALAPA,9
2016,FLORES,"EL PETEN",8
2016,JUTIAPA,JUTIAPA,8
2016,CUYOTENANGO,SUCHITEPEQUEZ,8
2016,"SAN PEDRO SACATEPÉQUEZ",GUATEMALA,8
2016,QUETZALTEPEQUE,CHIQUIMULA,8
2016,CHISEC,"ALTA VERAPAZ",8
2016,"EL ADELANTO",JUTIAPA,8
2016,SANSARE,"EL PROGRESO",8
2016,"SANTA CRUZ NARANJO","SANTA ROSA",8
2016,"SAN JOSÉ POAQUIL",CHIMALTENANGO,8
2016,ZACAPA,ZACAPA,7
2016,CHIQUIMULA,CHIQUIMULA,7
2016,"SAN JOSÉ DEL GOLFO",GUATEMALA,7
2016,"SAN ANDRÉS VILLA SECA",RETALHULEU,7
2016,JALPATAGUA,JUTIAPA,7
2016,"SAN JERÓNIMO","BAJA VERAPAZ",7
2016,"SAN LUCAS TOLIMÁN",SOLOLA,7
2016,"SAN ANDRÉS SAJCABAJÁ",QUICHE,7
2016,MALACATANCITO,HUEHUETENANGO,7
2016,ALOTENANGO,SACATEPEQUEZ,6
2016,"SAN MANUEL CHAPARRÓN",JALAPA,6
2016,"SAN ANTONIO LA PAZ","EL PROGRESO",6
2016,PATULUL,SUCHITEPEQUEZ,6
2016,"CONCEPCIÓN HUISTA",HUEHUETENANGO,6
2016,RAXRUHA,"ALTA VERAPAZ",5
2016,DOLORES,"EL PETEN",5
2016,CHICACAO,SUCHITEPEQUEZ,5
2016,"LA TINTA","ALTA VERAPAZ",5
2016,"TECULUTÁN",ZACAPA,5
2016,"EL CHAL","EL PETEN",5
2016,"GUAZACAPÁN","SANTA ROSA",5
2016,SAMAYAC,SUCHITEPEQUEZ,5
2016,"SAN JOSÉ EL IDOLO",SUCHITEPEQUEZ,5
2016,"LA LIBERTAD","EL PETEN",4
2016,"SANTA CRUZ MULÚA",RETALHULEU,4
2016,"SAN FRANCISCO","EL PETEN",4
2016,"SAN FELIPE",RETALHULEU,4
2016,"EL RODEO","SAN MARCOS",4
2016,SIBINAL,"SAN MARCOS",4
2016,"SAN ANDRÉS","EL PETEN",3
2016,PALENCIA,GUATEMALA,3
2016,"SAN JORGE",ZACAPA,3
2016,"NUEVO SAN CARLOS",RETALHULEU,3
2016,PAJAPITA,"SAN MARCOS",3
2016,"LA REFORMA","SAN MARCOS",3
2016,"SAN MIGUEL USPANTÁN",QUICHE,3
2016,MOYUTA,JUTIAPA,3
2016,"HUITÉ",ZACAPA,3
2016,CHIMALTENANGO,CHIMALTENANGO,2
2016,"SAN MARTÍN JILOTEPEQUE",CHIMALTENANGO,2
2016,HUEHUETENANGO,HUEHUETENANGO,2
2016,"ASUNCIÓN MITA",JUTIAPA,2
2016,ATESCATEMPA,JUTIAPA,2
2016,"SAN ANTONIO AGUAS CALIENTES",SACATEPEQUEZ,2
2016,"SAN PEDRO NECTA",HUEHUETENANGO,2
2016,"MORAZÁN","EL PROGRESO",2
2016,"CABAÑAS",ZACAPA,2
2016,"SAN SEBASTIÁN",RETALHULEU,2
2016,"RÍO HONDO",ZACAPA,2
2016,"SAN ANDRÉS SEMETABAJ",SOLOLA,2
2016,SACAPULAS,QUICHE,2
2016,"SANTA CRUZ DEL QUICHÉ",QUICHE,2
2016,TACTIC,"ALTA VERAPAZ",2
2016,"SAN CRISTÓBAL ACASAGUASTLÁN","EL PROGRESO",2
2016,"SAN JUAN LA LAGUNA",SOLOLA,2
2016,JEREZ,JUTIAPA,2
2016,"SAN FRANCISCO ZAPOTITLÁN",SUCHITEPEQUEZ,2
2016,"SAN JUAN CHAMELCO","ALTA VERAPAZ",2
2016,"EL CHOL","BAJA VERAPAZ",2
2016,"CAJOLÁ",QUETZALTENANGO,2
2016,"SAN ANTONIO ILOTENANGO",QUICHE,2
2016,QUETZALTENANGO,QUETZALTENANGO,1
2016,MAZATENANGO,SUCHITEPEQUEZ,1
2016,CHAMPERICO,RETALHULEU,1
2016,"LA UNIÓN",ZACAPA,1
2016,"SAN PABLO JOCOPILAS",SUCHITEPEQUEZ,1
2016,"TUCURÚ","ALTA VERAPAZ",1
2016,IZTAPA,ESCUINTLA,1
2016,ZACUALPA,QUICHE,1
2016,"SAN JOSÉ PINULA",GUATEMALA,1
2016,"SAN AGUSTÍN ACASAGUASTLÁN","EL PROGRESO",1
2016,"SAN JOSÉ ACATEMPA",JUTIAPA,1
2016,"USUMATLÁN",ZACAPA,1
2016,"LA LIBERTAD",HUEHUETENANGO,1
2016,"SAN JOSÉ","EL PETEN",1
2016,SANARATE,"EL PROGRESO",1
2016,"SAN JUAN TECUACO","SANTA ROSA",1
2016,"SAN PEDRO LA LAGUNA",SOLOLA,1
2016,"SANTO DOMINGO SUCHITEPÉQUEZ",SUCHITEPEQUEZ,1
2016,MONJAS,JALAPA,1
2016,"EL PROGRESO",JUTIAPA,1
2016,"SAN BARTOLOMÉ JOCOTENANGO",QUICHE,1
2016,"SAN RAFAEL PIÉ DE LA CUESTA","SAN MARCOS",1
2016,"SANTA CATARINA BARAHONA",SACATEPEQUEZ,1
2016,MOMOSTENANGO,TOTONICAPAN,1
2016,"SAN ANTONIO PALOPÓ",SOLOLA,1
2016,JOCOTENANGO,SACATEPEQUEZ,1
2016,"TACANÁ","SAN MARCOS",1
2016,"SANTA CATARINA PALOPÓ",SOLOLA,1
2017,GUATEMALA,GUATEMALA,399
2017,"ANTIGUA GUATEMALA",SACATEPEQUEZ,297
2017,ZACAPA,ZACAPA,262
2017,COATEPEQUE,QUETZALTENANGO,141
2017,"JOCOTÁN",CHIQUIMULA,138
2017,"PUERTO BARRIOS",IZABAL,113
2017,ESTANZUELA,ZACAPA,110
2017,GUASTATOYA,"EL PROGRESO",103
2017,"TECULUTÁN",ZACAPA,102
2017,CATARINA,"SAN MARCOS",90
2017,"CABAÑAS",ZACAPA,87
2017,ESQUIPULAS,CHIQUIMULA,80
2017,"SAN PABLO","SAN MARCOS",77
2017,MIXCO,GUATEMALA,71
2017,"FRAY BARTOLOMÉ DE LAS CASAS","ALTA VERAPAZ",61
2017,AYUTLA,"SAN MARCOS",61
2017,"SAN JUAN LA ERMITA",CHIQUIMULA,58
2017,"PACHALÚN",QUICHE,55
2017,"EL ESTOR",IZABAL,54
2017,"NENTÓN",HUEHUETENANGO,52
2017,"CAMOTÁN",CHIQUIMULA,51
2017,TIQUISATE,ESCUINTLA,50
2017,"PUEBLO NUEVO VIÑAS","SANTA ROSA",49
2017,JALAPA,JALAPA,47
2017,CHAHAL,"ALTA VERAPAZ",47
2017,"MALACATÁN","SAN MARCOS",44
2017,ESCUINTLA,ESCUINTLA,43
2017,"LA DEMOCRACIA",HUEHUETENANGO,42
2017,CUILAPA,"SANTA ROSA",41
2017,RABINAL,"BAJA VERAPAZ",37
2017,"SAN MIGUEL CHICAJ","BAJA VERAPAZ",36
2017,RAXRUHA,"ALTA VERAPAZ",34
2017,COLOMBA,QUETZALTENANGO,34
2017,"LA DEMOCRACIA",ESCUINTLA,34
2017,CASILLAS,"SANTA ROSA",34
2017,"CANILLÁ",QUICHE,33
2017,LIVINGSTON,IZABAL,33
2017,"SAN JERÓNIMO","BAJA VERAPAZ",33
2017,"SAN PEDRO PINULA",JALAPA,33
2017,"GUALÁN",ZACAPA,32
2017,"SAN LUIS JILOTEPEQUE",JALAPA,32
2017,"SAN ANTONIO HUISTA",HUEHUETENANGO,31
2017,"NUEVA CONCEPCIÓN",ESCUINTLA,29
2017,JACALTENANGO,HUEHUETENANGO,27
2017,JALPATAGUA,JUTIAPA,27
2017,"EL PALMAR",QUETZALTENANGO,25
2017,GUANAGAZAPA,ESCUINTLA,23
2017,"MELCHOR DE MENCOS","EL PETEN",22
2017,CHIQUIMULA,CHIQUIMULA,21
2017,"GÉNOVA",QUETZALTENANGO,20
2017,"SAYAXCHÉ","EL PETEN",20
2017,"SAN JOSÉ LA ARADA",CHIQUIMULA,20
2017,"PUERTO DE SAN JOSÉ",ESCUINTLA,19
2017,"AMATITLÁN",GUATEMALA,18
2017,"VILLA NUEVA",GUATEMALA,18
2017,IPALA,CHIQUIMULA,18
2017,"SAN BENITO","EL PETEN",17
2017,CUILCO,HUEHUETENANGO,17
2017,"LA GOMERA",ESCUINTLA,16
2017,YEPOCAPA,CHIMALTENANGO,16
2017,"EL TUMBADOR","SAN MARCOS",15
2017,"PALÍN",ESCUINTLA,15
2017,MORALES,IZABAL,14
2017,"SANTA LUCÍA COTZUMALGUAPA",ESCUINTLA,14
2017,"FLORES COSTA CUCA",QUETZALTENANGO,14
2017,"SANTA ANA HUISTA",HUEHUETENANGO,14
2017,"EL CHAL","EL PETEN",14
2017,"USUMATLÁN",ZACAPA,14
2017,BARBERENA,"SANTA ROSA",13
2017,"SAN RAFAEL LAS FLORES","SANTA ROSA",13
2017,SAMAYAC,SUCHITEPEQUEZ,13
2017,DOLORES,"EL PETEN",12
2017,"CONCEPCIÓN LAS MINAS",CHIQUIMULA,12
2017,"SANTA ROSA DE LIMA","SANTA ROSA",12
2017,MASAGUA,ESCUINTLA,11
2017,"NUEVA SANTA ROSA","SANTA ROSA",11
2017,RETALHULEU,RETALHULEU,10
2017,"SAN JUAN SACATEPÉQUEZ",GUATEMALA,10
2017,"SAN JORGE",ZACAPA,10
2017,CUBULCO,"BAJA VERAPAZ",9
2017,JOCOTENANGO,SACATEPEQUEZ,9
2017,CHIQUIMULILLA,"SANTA ROSA",8
2017,JUTIAPA,JUTIAPA,8
2017,IZTAPA,ESCUINTLA,8
2017,"LOS AMATES",IZABAL,8
2017,"SANTA CATARINA MITA",JUTIAPA,8
2017,"SAN VICENTE PACAYA",ESCUINTLA,8
2017,"EL QUETZAL","SAN MARCOS",8
2017,"SAN JOSÉ DEL GOLFO",GUATEMALA,7
2017,"SANTA ANA","EL PETEN",7
2017,"SAN PEDRO AYAMPUC",GUATEMALA,7
2017,"SAN DIEGO",ZACAPA,7
2017,OLOPA,CHIQUIMULA,7
2017,PASTORES,SACATEPEQUEZ,7
2017,"SAN LUCAS TOLIMÁN",SOLOLA,7
2017,"SAN RAYMUNDO",GUATEMALA,7
2017,"SAN MIGUEL PETAPA",GUATEMALA,6
2017,"IXCÁN",QUICHE,6
2017,"VILLA CANALES",GUATEMALA,6
2017,"EL JÍCARO","EL PROGRESO",6
2017,"LANQUÍN","ALTA VERAPAZ",6
2017,"COBÁN","ALTA VERAPAZ",5
2017,"RÍO HONDO",ZACAPA,5
2017,"OCÓS","SAN MARCOS",4
2017,HUEHUETENANGO,HUEHUETENANGO,4
2017,"SAN LUIS","EL PETEN",4
2017,"LA TINTA","ALTA VERAPAZ",4
2017,"NUEVO PROGRESO","SAN MARCOS",4
2017,ORATORIO,"SANTA ROSA",4
2017,"LA REFORMA","SAN MARCOS",4
2017,"SIQUINALÁ",ESCUINTLA,4
2017,"EL ASINTAL",RETALHULEU,4
2017,"LA LIBERTAD",HUEHUETENANGO,4
2017,"SAN FELIPE",RETALHULEU,4
2017,COMAPA,JUTIAPA,4
2017,TAXISCO,"SANTA ROSA",4
2017,QUEZADA,JUTIAPA,4
2017,"SANTA CATARINA BARAHONA",SACATEPEQUEZ,4
2017,"SALAMÁ","BAJA VERAPAZ",3
2017,"POPTÚN","EL PETEN",3
2017,"SAN ANDRÉS","EL PETEN",3
2017,"LA LIBERTAD","EL PETEN",3
2017,"ASUNCIÓN MITA",JUTIAPA,3
2017,"LAS CRUCES","EL PETEN",3
2017,"PATZICÍA",CHIMALTENANGO,3
2017,"CAHABÓN","ALTA VERAPAZ",3
2017,"SANTA CRUZ VERAPAZ","ALTA VERAPAZ",3
2017,"SAN CRISTÓBAL VERAPAZ","ALTA VERAPAZ",3
2017,PARRAMOS,CHIMALTENANGO,3
2017,"SAN JACINTO",CHIQUIMULA,3
2017,"GUAZACAPÁN","SANTA ROSA",3
2017,"CONCEPCIÓN HUISTA",HUEHUETENANGO,3
2017,"SAN PEDRO NECTA",HUEHUETENANGO,2
2017,QUETZALTEPEQUE,CHIQUIMULA,2
2017,"SAN ANDRÉS VILLA SECA",RETALHULEU,2
2017,"MORAZÁN","EL PROGRESO",2
2017,"SAN SEBASTIÁN",RETALHULEU,2
2017,"SANTA CRUZ MULÚA",RETALHULEU,2
2017,"SANTA CATARINA IXTAHUACÁN",SOLOLA,2
2017,"SAN MARTÍN ZAPOTITLÁN",RETALHULEU,2
2017,"SAN MIGUEL USPANTÁN",QUICHE,2
2017,"HUITÉ",ZACAPA,2
2017,"ZAPOTITLÁN",JUTIAPA,2
2017,"EL ADELANTO",JUTIAPA,2
2017,JEREZ,JUTIAPA,2
2017,"CIUDAD VIEJA",SACATEPEQUEZ,2
2017,"SAN JUAN CHAMELCO","ALTA VERAPAZ",2
2017,"SAN JOSÉ POAQUIL",CHIMALTENANGO,2
2017,OLINTEPEQUE,QUETZALTENANGO,2
2017,QUETZALTENANGO,QUETZALTENANGO,1
2017,CUYOTENANGO,SUCHITEPEQUEZ,1
2017,BARILLAS,HUEHUETENANGO,1
2017,"SAN ANTONIO AGUAS CALIENTES",SACATEPEQUEZ,1
2017,SIPACATE,ESCUINTLA,1
2017,"SAN PABLO JOCOPILAS",SUCHITEPEQUEZ,1
2017,"TUCURÚ","ALTA VERAPAZ",1
2017,"SAN MANUEL CHAPARRÓN",JALAPA,1
2017,"SANTA CRUZ LA LAGUNA",SOLOLA,1
2017,"SAN FRANCISCO","EL PETEN",1
2017,CHISEC,"ALTA VERAPAZ",1
2017,CONGUACO,JUTIAPA,1
2017,"SAN JOSÉ ACATEMPA",JUTIAPA,1
2017,"SAN ANTONIO SUCHITEPÉQUEZ",SUCHITEPEQUEZ,1
2017,"SAN JOSÉ","EL PETEN",1
2017,FRAIJANES,GUATEMALA,1
2017,SANARATE,"EL PROGRESO",1
2017,"EL RODEO","SAN MARCOS",1
2017,PATULUL,SUCHITEPEQUEZ,1
2017,"SAN JUAN LA LAGUNA",SOLOLA,1
2017,"AGUACATÁN",HUEHUETENANGO,1
2017,"SANTO DOMINGO SUCHITEPÉQUEZ",SUCHITEPEQUEZ,1
2017,PANZOS,"ALTA VERAPAZ",1
2017,SANSARE,"EL PROGRESO",1
2017,"AGUA BLANCA",JUTIAPA,1
2017,"PURULHÁ","BAJA VERAPAZ",1
2017,"SAN MARCOS LA LAGUNA",SOLOLA,1
2017,POCHUTA,CHIMALTENANGO,1
2017,"SAN ANDRÉS XECUL",TOTONICAPAN,1
2017,SIBINAL,"SAN MARCOS",1
2017,TAJUMULCO,"SAN MARCOS",1
2017,"ESQUIPULAS PALO GORDO","SAN MARCOS",1
2018,COATEPEQUE,QUETZALTENANGO,1893
2018,"GÉNOVA",QUETZALTENANGO,447
2018,GUATEMALA,GUATEMALA,413
2018,"PUERTO BARRIOS",IZABAL,363
2018,"IXCÁN",QUICHE,230
2018,ZACAPA,ZACAPA,181
2018,"SALAMÁ","BAJA VERAPAZ",155
2018,RETALHULEU,RETALHULEU,148
2018,MORALES,IZABAL,135
2018,CATARINA,"SAN MARCOS",125
2018,MAZATENANGO,SUCHITEPEQUEZ,114
2018,"EL ESTOR",IZABAL,114
2018,CUILAPA,"SANTA ROSA",111
2018,"FLORES COSTA CUCA",QUETZALTENANGO,101
2018,CUBULCO,"BAJA VERAPAZ",100
2018,"SANTA LUCÍA COTZUMALGUAPA",ESCUINTLA,98
2018,LIVINGSTON,IZABAL,94
2018,"FRAY BARTOLOMÉ DE LAS CASAS","ALTA VERAPAZ",77
2018,MIXCO,GUATEMALA,72
2018,"MALACATÁN","SAN MARCOS",71
2018,GUASTATOYA,"EL PROGRESO",71
2018,AYUTLA,"SAN MARCOS",71
2018,"SAN PABLO","SAN MARCOS",69
2018,"LA DEMOCRACIA",HUEHUETENANGO,68
2018,ESQUIPULAS,CHIQUIMULA,68
2018,"ANTIGUA GUATEMALA",SACATEPEQUEZ,67
2018,ESCUINTLA,ESCUINTLA,66
2018,"GUALÁN",ZACAPA,62
2018,"TECULUTÁN",ZACAPA,62
2018,"JOCOTÁN",CHIQUIMULA,58
2018,"POPTÚN","EL PETEN",58
2018,"EL TUMBADOR","SAN MARCOS",57
2018,MASAGUA,ESCUINTLA,56
2018,GUANAGAZAPA,ESCUINTLA,53
2018,COLOMBA,QUETZALTENANGO,49
2018,TIQUISATE,ESCUINTLA,47
2018,"LA DEMOCRACIA",ESCUINTLA,47
2018,"SAN BENITO","EL PETEN",46
2018,"PUERTO DE SAN JOSÉ",ESCUINTLA,44
2018,"EL PALMAR",QUETZALTENANGO,40
2018,"NUEVO PROGRESO","SAN MARCOS",40
2018,"SAN JERÓNIMO","BAJA VERAPAZ",39
2018,MOYUTA,JUTIAPA,39
2018,"NUEVA CONCEPCIÓN",ESCUINTLA,38
2018,DOLORES,"EL PETEN",37
2018,"LOS AMATES",IZABAL,36
2018,ESTANZUELA,ZACAPA,34
2018,"CABAÑAS",ZACAPA,32
2018,"USUMATLÁN",ZACAPA,31
2018,RAXRUHA,"ALTA VERAPAZ",28
2018,RABINAL,"BAJA VERAPAZ",28
2018,SIPACATE,ESCUINTLA,28
2018,"SAN AGUSTÍN ACASAGUASTLÁN","EL PROGRESO",28
2018,"SIQUINALÁ",ESCUINTLA,27
2018,"OCÓS","SAN MARCOS",26
2018,"PALÍN",ESCUINTLA,25
2018,"EL CHAL","EL PETEN",24
2018,CHIQUIMULA,CHIQUIMULA,23
2018,"SAN LUIS JILOTEPEQUE",JALAPA,23
2018,"SAN MIGUEL CHICAJ","BAJA VERAPAZ",23
2018,"SAN JUAN SACATEPÉQUEZ",GUATEMALA,22
2018,"ASUNCIÓN MITA",JUTIAPA,21
2018,"SAN JUAN LA ERMITA",CHIQUIMULA,21
2018,ATESCATEMPA,JUTIAPA,20
2018,JACALTENANGO,HUEHUETENANGO,20
2018,"VILLA NUEVA",GUATEMALA,18
2018,JALAPA,JALAPA,18
2018,"SAN LUIS","EL PETEN",17
2018,"EL QUETZAL","SAN MARCOS",16
2018,"SAYAXCHÉ","EL PETEN",15
2018,"SAN RAFAEL LAS FLORES","SANTA ROSA",15
2018,"SAN JOSÉ DEL GOLFO",GUATEMALA,13
2018,"SANTO TOMÁS LA UNIÓN",SUCHITEPEQUEZ,13
2018,"SAN ANTONIO HUISTA",HUEHUETENANGO,13
2018,"COBÁN","ALTA VERAPAZ",12
2018,"LA LIBERTAD","EL PETEN",12
2018,QUETZALTEPEQUE,CHIQUIMULA,12
2018,"MELCHOR DE MENCOS","EL PETEN",12
2018,"RÍO HONDO",ZACAPA,12
2018,"CAMOTÁN",CHIQUIMULA,11
2018,SAMAYAC,SUCHITEPEQUEZ,11
2018,"VILLA CANALES",GUATEMALA,10
2018,"EL JÍCARO","EL PROGRESO",10
2018,"LA UNIÓN",ZACAPA,10
2018,IZTAPA,ESCUINTLA,10
2018,"CONCEPCIÓN LAS MINAS",CHIQUIMULA,10
2018,"SAN JOSÉ LA ARADA",CHIQUIMULA,10
2018,"AGUA BLANCA",JUTIAPA,10
2018,"AMATITLÁN",GUATEMALA,9
2018,JUTIAPA,JUTIAPA,9
2018,"LA GOMERA",ESCUINTLA,9
2018,"LAS CRUCES","EL PETEN",9
2018,CHAHAL,"ALTA VERAPAZ",9
2018,"SAN DIEGO",ZACAPA,9
2018,"SANTA ROSA DE LIMA","SANTA ROSA",8
2018,"SAN ANTONIO SUCHITEPÉQUEZ",SUCHITEPEQUEZ,8
2018,"SAN CRISTÓBAL ACASAGUASTLÁN","EL PROGRESO",8
2018,ZUNILITO,SUCHITEPEQUEZ,8
2018,"SAN MIGUEL PETAPA",GUATEMALA,7
2018,JOYABAJ,QUICHE,7
2018,BARBERENA,"SANTA ROSA",7
2018,"SAN VICENTE PACAYA",ESCUINTLA,7
2018,YEPOCAPA,CHIMALTENANGO,7
2018,SANSARE,"EL PROGRESO",7
2018,"SAN MIGUEL DUEÑAS",SACATEPEQUEZ,7
2018,HUEHUETENANGO,HUEHUETENANGO,6
2018,"SANTA ANA HUISTA",HUEHUETENANGO,6
2018,"PUEBLO NUEVO VIÑAS","SANTA ROSA",6
2018,CHUARRANCHO,GUATEMALA,6
2018,"SAN JOSÉ ACATEMPA",JUTIAPA,6
2018,"SANTA CATARINA BARAHONA",SACATEPEQUEZ,6
2018,"SAN MARTÍN JILOTEPEQUE",CHIMALTENANGO,5
2018,"SAN MANUEL CHAPARRÓN",JALAPA,5
2018,"LA REFORMA","SAN MARCOS",5
2018,"SAN FELIPE",RETALHULEU,5
2018,PASACO,JUTIAPA,5
2018,IPALA,CHIQUIMULA,5
2018,"HUITÉ",ZACAPA,5
2018,JALPATAGUA,JUTIAPA,4
2018,OLOPA,CHIQUIMULA,4
2018,QUEZADA,JUTIAPA,4
2018,"SANTO DOMINGO SUCHITEPÉQUEZ",SUCHITEPEQUEZ,4
2018,BARILLAS,HUEHUETENANGO,3
2018,"SAN PEDRO AYAMPUC",GUATEMALA,3
2018,ALOTENANGO,SACATEPEQUEZ,3
2018,"TUCURÚ","ALTA VERAPAZ",3
2018,"SANTA CRUZ MULÚA",RETALHULEU,3
2018,"SANTA CRUZ VERAPAZ","ALTA VERAPAZ",3
2018,"EL ASINTAL",RETALHULEU,3
2018,"SAN MARCOS","SAN MARCOS",3
2018,"SAN JOSÉ","EL PETEN",3
2018,COMAPA,JUTIAPA,3
2018,"SAN ANTONIO LA PAZ","EL PROGRESO",3
2018,"SAN PEDRO PINULA",JALAPA,3
2018,QUETZALTENANGO,QUETZALTENANGO,2
2018,CUYOTENANGO,SUCHITEPEQUEZ,2
2018,"SAN PABLO JOCOPILAS",SUCHITEPEQUEZ,2
2018,"LA TINTA","ALTA VERAPAZ",2
2018,"SAN SEBASTIÁN",RETALHULEU,2
2018,"CAHABÓN","ALTA VERAPAZ",2
2018,"PACHALÚN",QUICHE,2
2018,CONGUACO,JUTIAPA,2
2018,"LANQUÍN","ALTA VERAPAZ",2
2018,"CIUDAD VIEJA",SACATEPEQUEZ,2
2018,"SAN JOSÉ POAQUIL",CHIMALTENANGO,2
2018,CHIQUIMULILLA,"SANTA ROSA",1
2018,"SAN ANDRÉS","EL PETEN",1
2018,CHIMALTENANGO,CHIMALTENANGO,1
2018,PALENCIA,GUATEMALA,1
2018,"SANTIAGO ATITLÁN",SOLOLA,1
2018,CHINAUTLA,GUATEMALA,1
2018,"SAN ANTONIO AGUAS CALIENTES",SACATEPEQUEZ,1
2018,"PATZICÍA",CHIMALTENANGO,1
2018,"SAN PEDRO SACATEPÉQUEZ",GUATEMALA,1
2018,"SAN PEDRO CARCHÁ","ALTA VERAPAZ",1
2018,"SANTA ANA","EL PETEN",1
2018,"SAN ANDRÉS VILLA SECA",RETALHULEU,1
2018,"SAN CRISTÓBAL VERAPAZ","ALTA VERAPAZ",1
2018,PARRAMOS,CHIMALTENANGO,1
2018,"SAN JACINTO",CHIQUIMULA,1
2018,"LA LIBERTAD",HUEHUETENANGO,1
2018,"SAN MARTÍN ZAPOTITLÁN",RETALHULEU,1
2018,ACATENANGO,CHIMALTENANGO,1
2018,"SANTA CATARINA PINULA",GUATEMALA,1
2018,SACAPULAS,QUICHE,1
2018,"SAN MIGUEL USPANTÁN",QUICHE,1
2018,"SANTA CRUZ DEL QUICHÉ",QUICHE,1
2018,TAXISCO,"SANTA ROSA",1
2018,SANARATE,"EL PROGRESO",1
2018,YUPILTEPEQUE,JUTIAPA,1
2018,PASTORES,SACATEPEQUEZ,1
2018,"SAN LUCAS TOLIMÁN",SOLOLA,1
2018,PATULUL,SUCHITEPEQUEZ,1
2018,"SAN GABRIEL",SUCHITEPEQUEZ,1
2018,"SAN RAYMUNDO",GUATEMALA,1
2018,PANAJACHEL,SOLOLA,1
2018,"SENAHÚ","ALTA VERAPAZ",1
2018,"TECPÁN GUATEMALA",CHIMALTENANGO,1
2018,JEREZ,JUTIAPA,1
2018,"SAN RAFAEL PIÉ DE LA CUESTA","SAN MARCOS",1
2018,POCHUTA,CHIMALTENANGO,1
2018,"LA ESPERANZA",QUETZALTENANGO,1
2018,SIBINAL,"SAN MARCOS",1
2018,"SAN CRISTÓBAL CUCHO","SAN MARCOS",1
2019,"POPTÚN","EL PETEN",4437
2019,GUATEMALA,GUATEMALA,2894
2019,COATEPEQUE,QUETZALTENANGO,2599
2019,JUTIAPA,JUTIAPA,2259
2019,"SALAMÁ","BAJA VERAPAZ",2193
2019,JACALTENANGO,HUEHUETENANGO,1658
2019,CHIQUIMULA,CHIQUIMULA,1356
2019,ZACAPA,ZACAPA,1286
2019,CUILAPA,"SANTA ROSA",1181
2019,"PUERTO BARRIOS",IZABAL,1087
2019,"SAYAXCHÉ","EL PETEN",1047
2019,MAZATENANGO,SUCHITEPEQUEZ,896
2019,"LA DEMOCRACIA",HUEHUETENANGO,860
2019,RETALHULEU,RETALHULEU,801
2019,MIXCO,GUATEMALA,660
2019,"ANTIGUA GUATEMALA",SACATEPEQUEZ,587
2019,JOYABAJ,QUICHE,554
2019,"FRAY BARTOLOMÉ DE LAS CASAS","ALTA VERAPAZ",548
2019,"VILLA NUEVA",GUATEMALA,540
2019,"FLORES COSTA CUCA",QUETZALTENANGO,536
2019,HUEHUETENANGO,HUEHUETENANGO,526
2019,"LA LIBERTAD","EL PETEN",523
2019,CUILCO,HUEHUETENANGO,521
2019,JALAPA,JALAPA,519
2019,"NUEVA SANTA ROSA","SANTA ROSA",502
2019,ESCUINTLA,ESCUINTLA,500
2019,"SAN ANTONIO HUISTA",HUEHUETENANGO,498
2019,"SAN JOSÉ DEL GOLFO",GUATEMALA,480
2019,TIQUISATE,ESCUINTLA,479
2019,BARILLAS,HUEHUETENANGO,473
2019,"SAN PEDRO NECTA",HUEHUETENANGO,450
2019,"AMATITLÁN",GUATEMALA,449
2019,"IXCÁN",QUICHE,446
2019,"CAHABÓN","ALTA VERAPAZ",441
2019,"TUCURÚ","ALTA VERAPAZ",418
2019,"JOCOTÁN",CHIQUIMULA,412
2019,"SAN PEDRO CARCHÁ","ALTA VERAPAZ",406
2019,"COBÁN","ALTA VERAPAZ",360
2019,"GUALÁN",ZACAPA,357
2019,"SAN BENITO","EL PETEN",353
2019,"MALACATÁN","SAN MARCOS",347
2019,"GÉNOVA",QUETZALTENANGO,328
2019,"SAN LUIS JILOTEPEQUE",JALAPA,293
2019,"SANTA ANA HUISTA",HUEHUETENANGO,266
2019,MORALES,IZABAL,265
2019,"SANTIAGO ATITLÁN",SOLOLA,259
2019,BARBERENA,"SANTA ROSA",259
2019,"SAN JERÓNIMO","BAJA VERAPAZ",259
2019,CHINAUTLA,GUATEMALA,258
2019,GRANADOS,"BAJA VERAPAZ",253
2019,"EL ESTOR",IZABAL,246
2019,"SAN RAFAEL LAS FLORES","SANTA ROSA",239
2019,CHAHAL,"ALTA VERAPAZ",238
2019,"AGUACATÁN",HUEHUETENANGO,235
2019,SACAPULAS,QUICHE,233
2019,"SAN CRISTÓBAL VERAPAZ","ALTA VERAPAZ",223
2019,"LAS CRUCES","EL PETEN",215
2019,RABINAL,"BAJA VERAPAZ",214
2019,"SAN LUIS","EL PETEN",197
2019,"EL PALMAR",QUETZALTENANGO,194
2019,"PACHALÚN",QUICHE,191
2019,"CAMOTÁN",CHIQUIMULA,190
2019,"EL TUMBADOR","SAN MARCOS",187
2019,"NENTÓN",HUEHUETENANGO,185
2019,CHISEC,"ALTA VERAPAZ",184
2019,CUBULCO,"BAJA VERAPAZ",178
2019,"NUEVA CONCEPCIÓN",ESCUINTLA,176
2019,AYUTLA,"SAN MARCOS",165
2019,FLORES,"EL PETEN",164
2019,ESQUIPULAS,CHIQUIMULA,164
2019,"SAN JUAN CHAMELCO","ALTA VERAPAZ",161
2019,DOLORES,"EL PETEN",158
2019,GUASTATOYA,"EL PROGRESO",157
2019,PALENCIA,GUATEMALA,143
2019,"SAN ANDRÉS SAJCABAJÁ",QUICHE,138
2019,"SAN ANTONIO SUCHITEPÉQUEZ",SUCHITEPEQUEZ,137
2019,RAXRUHA,"ALTA VERAPAZ",134
2019,"SAN JORGE",ZACAPA,132
2019,"SANTA CRUZ VERAPAZ","ALTA VERAPAZ",132
2019,"SANTA CATARINA IXTAHUACÁN",SOLOLA,128
2019,"PALÍN",ESCUINTLA,127
2019,LIVINGSTON,IZABAL,126
2019,"SAN PEDRO AYAMPUC",GUATEMALA,126
2019,"SAN ILDELFONSO IXTAHUACÁN",HUEHUETENANGO,121
2019,"PUERTO DE SAN JOSÉ",ESCUINTLA,119
2019,"TECULUTÁN",ZACAPA,119
2019,"SAN JUAN SACATEPÉQUEZ",GUATEMALA,115
2019,"VILLA CANALES",GUATEMALA,114
2019,COLOTENANGO,HUEHUETENANGO,109
2019,"ASUNCIÓN MITA",JUTIAPA,107
2019,FRAIJANES,GUATEMALA,105
2019,"SANTA LUCÍA COTZUMALGUAPA",ESCUINTLA,104
2019,"SAN GASPAR IXCHIL",HUEHUETENANGO,102
2019,CATARINA,"SAN MARCOS",98
2019,"MELCHOR DE MENCOS","EL PETEN",95
2019,"SAN PABLO","SAN MARCOS",95
2019,"SAN MIGUEL CHICAJ","BAJA VERAPAZ",93
2019,YEPOCAPA,CHIMALTENANGO,92
2019,"LA LIBERTAD",HUEHUETENANGO,91
2019,MASAGUA,ESCUINTLA,89
2019,COLOMBA,QUETZALTENANGO,85
2019,"OCÓS","SAN MARCOS",83
2019,"EL ASINTAL",RETALHULEU,78
2019,"SENAHÚ","ALTA VERAPAZ",76
2019,GUANAGAZAPA,ESCUINTLA,74
2019,"SAN JUAN LA ERMITA",CHIQUIMULA,73
2019,"LA UNIÓN",ZACAPA,65
2019,"SAN FRANCISCO","EL PETEN",65
2019,"CABAÑAS",ZACAPA,64
2019,"LA DEMOCRACIA",ESCUINTLA,62
2019,ATESCATEMPA,JUTIAPA,61
2019,TAXISCO,"SANTA ROSA",59
2019,"PUEBLO NUEVO VIÑAS","SANTA ROSA",57
2019,"EL CHAL","EL PETEN",56
2019,MOYUTA,JUTIAPA,56
2019,JEREZ,JUTIAPA,56
2019,"LANQUÍN","ALTA VERAPAZ",55
2019,"LA GOMERA",ESCUINTLA,51
2019,QUETZALTEPEQUE,CHIQUIMULA,50
2019,"EL QUETZAL","SAN MARCOS",49
2019,JALPATAGUA,JUTIAPA,44
2019,"NUEVO PROGRESO","SAN MARCOS",44
2019,"SANTA ROSA DE LIMA","SANTA ROSA",44
2019,"LOS AMATES",IZABAL,43
2019,"SAN JOSÉ ACATEMPA",JUTIAPA,43
2019,ZUNILITO,SUCHITEPEQUEZ,42
2019,"SIQUINALÁ",ESCUINTLA,41
2019,"SAN MIGUEL USPANTÁN",QUICHE,41
2019,"SAN BARTOLOMÉ JOCOTENANGO",QUICHE,41
2019,QUETZALTENANGO,QUETZALTENANGO,39
2019,"EL CHOL","BAJA VERAPAZ",36
2019,"SAN MARCOS","SAN MARCOS",35
2019,"CANILLÁ",QUICHE,34
2019,"SAN MIGUEL PETAPA",GUATEMALA,33
2019,"SAN VICENTE PACAYA",ESCUINTLA,32
2019,CHUARRANCHO,GUATEMALA,32
2019,CHAMPERICO,RETALHULEU,31
2019,PASACO,JUTIAPA,30
2019,"SANTA ANA","EL PETEN",29
2019,"CONCEPCIÓN LAS MINAS",CHIQUIMULA,29
2019,SIPACATE,ESCUINTLA,28
2019,"SAN JOSÉ LA ARADA",CHIQUIMULA,28
2019,"CHICAMÁN",QUICHE,26
2019,"EL JÍCARO","EL PROGRESO",25
2019,"SANTO TOMÁS LA UNIÓN",SUCHITEPEQUEZ,25
2019,"SAN PEDRO LA LAGUNA",SOLOLA,23
2019,"SAN ANDRÉS VILLA SECA",RETALHULEU,22
2019,IZTAPA,ESCUINTLA,22
2019,"SAN CRISTÓBAL ACASAGUASTLÁN","EL PROGRESO",22
2019,MALACATANCITO,HUEHUETENANGO,22
2019,IPALA,CHIQUIMULA,21
2019,"SAN MARTÍN JILOTEPEQUE",CHIMALTENANGO,20
2019,CONGUACO,JUTIAPA,20
2019,"USUMATLÁN",ZACAPA,20
2019,PATULUL,SUCHITEPEQUEZ,20
2019,QUEZADA,JUTIAPA,20
2019,"SAN PEDRO SACATEPÉQUEZ",GUATEMALA,19
2019,ORATORIO,"SANTA ROSA",19
2019,"SAN DIEGO",ZACAPA,19
2019,ALOTENANGO,SACATEPEQUEZ,18
2019,CASILLAS,"SANTA ROSA",18
2019,"SAN FELIPE",RETALHULEU,18
2019,SANSARE,"EL PROGRESO",18
2019,ESTANZUELA,ZACAPA,17
2019,"SAN MIGUEL DUEÑAS",SACATEPEQUEZ,17
2019,"SAN MANUEL CHAPARRÓN",JALAPA,16
2019,"SAN JACINTO",CHIQUIMULA,16
2019,"SAN LUCAS TOLIMÁN",SOLOLA,16
2019,"EL PROGRESO",JUTIAPA,16
2019,"PUEBLO NUEVO SUCHITEPÉQUEZ",SUCHITEPEQUEZ,16
2019,"SAN SEBASTIÁN HUEHUETENANGO",HUEHUETENANGO,15
2019,"PETATÁN",HUEHUETENANGO,14
2019,"SAN PEDRO PINULA",JALAPA,14
2019,"PURULHÁ","BAJA VERAPAZ",14
2019,"SAN JOSÉ PINULA",GUATEMALA,13
2019,"SANTA CRUZ MULÚA",RETALHULEU,13
2019,"SAN RAYMUNDO",GUATEMALA,13
2019,CUYOTENANGO,SUCHITEPEQUEZ,12
2019,"SAN SEBASTIÁN",RETALHULEU,12
2019,"GUAZACAPÁN","SANTA ROSA",12
2019,"HUITÉ",ZACAPA,12
2019,"SANTO DOMINGO SUCHITEPÉQUEZ",SUCHITEPEQUEZ,12
2019,"EL TEJAR",CHIMALTENANGO,12
2019,"SAN ANTONIO AGUAS CALIENTES",SACATEPEQUEZ,11
2019,"LA TINTA","ALTA VERAPAZ",11
2019,"SANTA MARÍA IXHUATÁN","SANTA ROSA",11
2019,"SAN LUCAS SACATEPÉQUEZ",SACATEPEQUEZ,11
2019,"EL ADELANTO",JUTIAPA,11
2019,"SAN ANTONIO LA PAZ","EL PROGRESO",10
2019,"SANTA CRUZ DEL QUICHÉ",QUICHE,10
2019,"SANTA CATARINA BARAHONA",SACATEPEQUEZ,10
2019,MATAQUESCUINTLA,JALAPA,9
2019,CHICACAO,SUCHITEPEQUEZ,9
2019,"RÍO BRAVO",SUCHITEPEQUEZ,8
2019,"SAN AGUSTÍN ACASAGUASTLÁN","EL PROGRESO",8
2019,"LA REFORMA","SAN MARCOS",8
2019,"SANTA CATARINA PINULA",GUATEMALA,8
2019,YUPILTEPEQUE,JUTIAPA,8
2019,PASTORES,SACATEPEQUEZ,8
2019,"SAN LORENZO",SUCHITEPEQUEZ,8
2019,SAMAYAC,SUCHITEPEQUEZ,8
2019,PARRAMOS,CHIMALTENANGO,7
2019,COMAPA,JUTIAPA,7
2019,PANZOS,"ALTA VERAPAZ",7
2019,"RÍO HONDO",ZACAPA,6
2019,"SAN JOSÉ","EL PETEN",6
2019,"UNION CANTINIL",HUEHUETENANGO,6
2019,POCHUTA,CHIMALTENANGO,6
2019,CHIQUIMULILLA,"SANTA ROSA",5
2019,"SAN ANDRÉS","EL PETEN",5
2019,"TECTITÁN",HUEHUETENANGO,5
2019,PANAJACHEL,SOLOLA,5
2019,"CIUDAD VIEJA",SACATEPEQUEZ,5
2019,"SANTA CRUZ NARANJO","SANTA ROSA",5
2019,"CONCEPCIÓN HUISTA",HUEHUETENANGO,5
2019,"SAN CARLOS ALZATATE",JALAPA,5
2019,"SAN JOSÉ POAQUIL",CHIMALTENANGO,5
2019,"SAN JUAN ATITÁN",HUEHUETENANGO,5
2019,CHIMALTENANGO,CHIMALTENANGO,4
2019,"NUEVO SAN CARLOS",RETALHULEU,4
2019,OLOPA,CHIQUIMULA,4
2019,TACTIC,"ALTA VERAPAZ",4
2019,MONJAS,JALAPA,4
2019,"TECPÁN GUATEMALA",CHIMALTENANGO,4
2019,"NAHUALÁ",SOLOLA,4
2019,ZACUALPA,QUICHE,3
2019,"SAN JUAN LA LAGUNA",SOLOLA,3
2019,"SAN RAFAEL PIÉ DE LA CUESTA","SAN MARCOS",3
2019,"SAN ANDRÉS ITZAPA",CHIMALTENANGO,3
2019,"SANTA LUCÍA MILPAS ALTAS",SACATEPEQUEZ,3
2019,"CHICHÉ",QUICHE,3
2019,ACATENANGO,CHIMALTENANGO,2
2019,"ZAPOTITLÁN",JUTIAPA,2
2019,"SAN JUAN BAUTISTA",SUCHITEPEQUEZ,2
2019,"SAN JUAN COMALAPA",CHIMALTENANGO,2
2019,"SANTIAGO CHIMALTENANGO",HUEHUETENANGO,2
2019,"PATZICÍA",CHIMALTENANGO,1
2019,"SAN PABLO JOCOPILAS",SUCHITEPEQUEZ,1
2019,"SOLOLÁ",SOLOLA,1
2019,PAJAPITA,"SAN MARCOS",1
2019,"CUNÉN",QUICHE,1
2019,"SAN JUAN TECUACO","SANTA ROSA",1
2019,"SANTA BÁRBARA",SUCHITEPEQUEZ,1
2019,"SANTIAGO SACATEPÉQUEZ",SACATEPEQUEZ,1
2019,"SAN BARTOLOMÉ MILPAS ALTAS",SACATEPEQUEZ,1
2019,"SAN BERNARDINO",SUCHITEPEQUEZ,1
2019,CANTEL,QUETZALTENANGO,1
2019,"TODOS SANTOS CUCHUMATÁN",HUEHUETENANGO,1
2019,"SAN PEDRO JOCOPILAS",QUICHE,1
2019,"SANTA LUCÍA UTATLÁN",SOLOLA,1
2019,TEJUTLA,"SAN MARCOS",1
2019,"SAN BARTOLO",TOTONICAPAN,1
2019,"SAN PEDRO SOLOMA",HUEHUETENANGO,1
2019,"SANTA LUCÍA LA REFORMA",TOTONICAPAN,1
2019,CHICHICASTENANGO,QUICHE,1
2019,"SANTA MARÍA CHIQUIMULA",TOTONICAPAN,1
2019,CHAJUL,QUICHE,1
2019,"SAN RAFAEL LA INDEPENDENCIA",HUEHUETENANGO,1
2020,COATEPEQUE,QUETZALTENANGO,513
2020,"SALAMÁ","BAJA VERAPAZ",486
2020,GUATEMALA,GUATEMALA,452
2020,CUILAPA,"SANTA ROSA",369
2020,"ANTIGUA GUATEMALA",SACATEPEQUEZ,185
2020,"PUERTO BARRIOS",IZABAL,160
2020,MAZATENANGO,SUCHITEPEQUEZ,148
2020,JUTIAPA,JUTIAPA,147
2020,TIQUISATE,ESCUINTLA,119
2020,"POPTÚN","EL PETEN",117
2020,MIXCO,GUATEMALA,104
2020,"EL PALMAR",QUETZALTENANGO,101
2020,ESCUINTLA,ESCUINTLA,100
2020,FLORES,"EL PETEN",100
2020,AYUTLA,"SAN MARCOS",86
2020,CHIQUIMULA,CHIQUIMULA,83
2020,"SAN MARTÍN JILOTEPEQUE",CHIMALTENANGO,82
2020,"AMATITLÁN",GUATEMALA,80
2020,BARBERENA,"SANTA ROSA",76
2020,RETALHULEU,RETALHULEU,74
2020,"NUEVA SANTA ROSA","SANTA ROSA",69
2020,DOLORES,"EL PETEN",62
2020,"LA LIBERTAD","EL PETEN",61
2020,"VILLA NUEVA",GUATEMALA,59
2020,JALAPA,JALAPA,59
2020,"MALACATÁN","SAN MARCOS",56
2020,"VILLA CANALES",GUATEMALA,56
2020,"TECULUTÁN",ZACAPA,55
2020,PANAJACHEL,SOLOLA,52
2020,"FRAY BARTOLOMÉ DE LAS CASAS","ALTA VERAPAZ",49
2020,"GÉNOVA",QUETZALTENANGO,48
2020,"SAN RAFAEL LAS FLORES","SANTA ROSA",45
2020,GRANADOS,"BAJA VERAPAZ",44
2020,JOYABAJ,QUICHE,43
2020,"SAYAXCHÉ","EL PETEN",41
2020,"FLORES COSTA CUCA",QUETZALTENANGO,40
2020,LIVINGSTON,IZABAL,40
2020,"SAN FRANCISCO","EL PETEN",40
2020,ESQUIPULAS,CHIQUIMULA,37
2020,"SAN JERÓNIMO","BAJA VERAPAZ",36
2020,RABINAL,"BAJA VERAPAZ",34
2020,"AGUACATÁN",HUEHUETENANGO,34
2020,"EL TUMBADOR","SAN MARCOS",33
2020,MASAGUA,ESCUINTLA,33
2020,"SAN JOSÉ DEL GOLFO",GUATEMALA,33
2020,"IXCÁN",QUICHE,31
2020,ZACAPA,ZACAPA,27
2020,"SAN LUIS","EL PETEN",27
2020,"GUAZACAPÁN","SANTA ROSA",26
2020,GUASTATOYA,"EL PROGRESO",24
2020,"LAS CRUCES","EL PETEN",24
2020,QUETZALTEPEQUE,CHIQUIMULA,23
2020,CUBULCO,"BAJA VERAPAZ",23
2020,"SAN JUAN LA ERMITA",CHIQUIMULA,23
2020,GUANAGAZAPA,ESCUINTLA,23
2020,"GUALÁN",ZACAPA,22
2020,"CAMOTÁN",CHIQUIMULA,22
2020,"LA DEMOCRACIA",ESCUINTLA,21
2020,"PUERTO DE SAN JOSÉ",ESCUINTLA,21
2020,"SAN FELIPE",RETALHULEU,21
2020,"PALÍN",ESCUINTLA,20
2020,MORALES,IZABAL,19
2020,"SAN ANDRÉS","EL PETEN",19
2020,CHIMALTENANGO,CHIMALTENANGO,18
2020,CUILCO,HUEHUETENANGO,18
2020,"SANTA ROSA DE LIMA","SANTA ROSA",18
2020,"SANTIAGO ATITLÁN",SOLOLA,17
2020,"NUEVA CONCEPCIÓN",ESCUINTLA,17
2020,JACALTENANGO,HUEHUETENANGO,17
2020,"SAN PEDRO NECTA",HUEHUETENANGO,17
2020,CHAHAL,"ALTA VERAPAZ",17
2020,"LA DEMOCRACIA",HUEHUETENANGO,15
2020,"SANTA MARÍA IXHUATÁN","SANTA ROSA",15
2020,"COBÁN","ALTA VERAPAZ",14
2020,"SAN MIGUEL PETAPA",GUATEMALA,13
2020,"SAN JUAN SACATEPÉQUEZ",GUATEMALA,13
2020,"SAN SEBASTIÁN",RETALHULEU,13
2020,"SAN AGUSTÍN ACASAGUASTLÁN","EL PROGRESO",13
2020,"SAN LUIS JILOTEPEQUE",JALAPA,13
2020,CHISEC,"ALTA VERAPAZ",13
2020,CHUARRANCHO,GUATEMALA,13
2020,FRAIJANES,GUATEMALA,13
2020,SACAPULAS,QUICHE,13
2020,ZUNILITO,SUCHITEPEQUEZ,13
2020,ESTANZUELA,ZACAPA,12
2020,"SAN MIGUEL CHICAJ","BAJA VERAPAZ",12
2020,YEPOCAPA,CHIMALTENANGO,12
2020,JEREZ,JUTIAPA,12
2020,"EL CHOL","BAJA VERAPAZ",12
2020,"CANILLÁ",QUICHE,11
2020,BARILLAS,HUEHUETENANGO,11
2020,"SANTA CRUZ VERAPAZ","ALTA VERAPAZ",11
2020,"SAN RAYMUNDO",GUATEMALA,11
2020,"JOCOTÁN",CHIQUIMULA,10
2020,HUEHUETENANGO,HUEHUETENANGO,10
2020,"SAN VICENTE PACAYA",ESCUINTLA,10
2020,"SANTO TOMÁS LA UNIÓN",SUCHITEPEQUEZ,10
2020,"SIQUINALÁ",ESCUINTLA,10
2020,RAXRUHA,"ALTA VERAPAZ",9
2020,"EL JÍCARO","EL PROGRESO",9
2020,ATESCATEMPA,JUTIAPA,9
2020,ALOTENANGO,SACATEPEQUEZ,9
2020,"SOLOLÁ",SOLOLA,9
2020,"PACHALÚN",QUICHE,9
2020,"SAN ANTONIO HUISTA",HUEHUETENANGO,9
2020,"SANTA CATARINA IXTAHUACÁN",SOLOLA,8
2020,"SAN LUCAS TOLIMÁN",SOLOLA,8
2020,SANSARE,"EL PROGRESO",8
2020,"EL ESTOR",IZABAL,7
2020,CHINAUTLA,GUATEMALA,7
2020,IZTAPA,ESCUINTLA,7
2020,"NUEVO SAN CARLOS",RETALHULEU,7
2020,"USUMATLÁN",ZACAPA,7
2020,TAXISCO,"SANTA ROSA",7
2020,SANARATE,"EL PROGRESO",7
2020,"SAN ANTONIO AGUAS CALIENTES",SACATEPEQUEZ,6
2020,"SAN PEDRO CARCHÁ","ALTA VERAPAZ",6
2020,CASILLAS,"SANTA ROSA",6
2020,"EL QUETZAL","SAN MARCOS",6
2020,CATARINA,"SAN MARCOS",6
2020,"SAN MARTÍN ZAPOTITLÁN",RETALHULEU,6
2020,IPALA,CHIQUIMULA,6
2020,"SAN PEDRO PINULA",JALAPA,6
2020,"OCÓS","SAN MARCOS",5
2020,CHIQUIMULILLA,"SANTA ROSA",5
2020,"ASUNCIÓN MITA",JUTIAPA,5
2020,"SAN PEDRO AYAMPUC",GUATEMALA,5
2020,"NUEVO PROGRESO","SAN MARCOS",5
2020,"EL ASINTAL",RETALHULEU,5
2020,"SAN ILDELFONSO IXTAHUACÁN",HUEHUETENANGO,5
2020,"HUITÉ",ZACAPA,5
2020,"SAN JOSÉ LA ARADA",CHIQUIMULA,5
2020,"SAN ANDRÉS SAJCABAJÁ",QUICHE,5
2020,"SAN MIGUEL DUEÑAS",SACATEPEQUEZ,5
2020,PALENCIA,GUATEMALA,4
2020,"SANTA ANA","EL PETEN",4
2020,"TUCURÚ","ALTA VERAPAZ",4
2020,"SAN MANUEL CHAPARRÓN",JALAPA,4
2020,"MELCHOR DE MENCOS","EL PETEN",4
2020,"EL CHAL","EL PETEN",4
2020,"PUEBLO NUEVO VIÑAS","SANTA ROSA",4
2020,"LA REFORMA","SAN MARCOS",4
2020,"SAN DIEGO",ZACAPA,4
2020,"SAN MARCOS","SAN MARCOS",4
2020,"SAN MIGUEL USPANTÁN",QUICHE,4
2020,"SENAHÚ","ALTA VERAPAZ",4
2020,"NAHUALÁ",SOLOLA,4
2020,CUYOTENANGO,SUCHITEPEQUEZ,3
2020,"LA GOMERA",ESCUINTLA,3
2020,COLOMBA,QUETZALTENANGO,3
2020,"CABAÑAS",ZACAPA,3
2020,"CONCEPCIÓN LAS MINAS",CHIQUIMULA,3
2020,"SAN JORGE",ZACAPA,3
2020,"SANTA CRUZ MULÚA",RETALHULEU,3
2020,"SAN PEDRO LA LAGUNA",SOLOLA,3
2020,"TECPÁN GUATEMALA",CHIMALTENANGO,3
2020,MALACATANCITO,HUEHUETENANGO,3
2020,"SANTA LUCÍA COTZUMALGUAPA",ESCUINTLA,2
2020,CHAMPERICO,RETALHULEU,2
2020,"SAN PEDRO SACATEPÉQUEZ",GUATEMALA,2
2020,ZACUALPA,QUICHE,2
2020,ORATORIO,"SANTA ROSA",2
2020,"SAN PABLO","SAN MARCOS",2
2020,"LA LIBERTAD",HUEHUETENANGO,2
2020,"SAN JOSÉ","EL PETEN",2
2020,COMAPA,JUTIAPA,2
2020,"LANQUÍN","ALTA VERAPAZ",2
2020,"CHICAMÁN",QUICHE,2
2020,PATULUL,SUCHITEPEQUEZ,2
2020,"SANTO DOMINGO SUCHITEPÉQUEZ",SUCHITEPEQUEZ,2
2020,"EL TEJAR",CHIMALTENANGO,2
2020,"SANTA CRUZ NARANJO","SANTA ROSA",2
2020,"SAN ANDRÉS ITZAPA",CHIMALTENANGO,2
2020,JOCOTENANGO,SACATEPEQUEZ,2
2020,"SAN JOSÉ POAQUIL",CHIMALTENANGO,2
2020,"SAN RAFAEL PETZAL",HUEHUETENANGO,2
2020,"NENTÓN",HUEHUETENANGO,1
2020,MATAQUESCUINTLA,JALAPA,1
2020,CHICACAO,SUCHITEPEQUEZ,1
2020,"LA UNIÓN",ZACAPA,1
2020,"SAN ANDRÉS VILLA SECA",RETALHULEU,1
2020,"MORAZÁN","EL PROGRESO",1
2020,"SANTA ANA HUISTA",HUEHUETENANGO,1
2020,"LA TINTA","ALTA VERAPAZ",1
2020,"CAHABÓN","ALTA VERAPAZ",1
2020,JALPATAGUA,JUTIAPA,1
2020,"SAN JACINTO",CHIQUIMULA,1
2020,"SAN JOSÉ ACATEMPA",JUTIAPA,1
2020,"SAN ANTONIO LA PAZ","EL PROGRESO",1
2020,"SANTA CRUZ DEL QUICHÉ",QUICHE,1
2020,"SAN CRISTÓBAL ACASAGUASTLÁN","EL PROGRESO",1
2020,"ZAPOTITLÁN",JUTIAPA,1
2020,"EL ADELANTO",JUTIAPA,1
2020,"TOTONICAPÁN",TOTONICAPAN,1
2020,"SAN BARTOLOMÉ JOCOTENANGO",QUICHE,1
2020,"CIUDAD VIEJA",SACATEPEQUEZ,1
2020,"AGUA BLANCA",JUTIAPA,1
2020,"SAN JUAN CHAMELCO","ALTA VERAPAZ",1
2020,"SAN SEBASTIÁN HUEHUETENANGO",HUEHUETENANGO,1
2020,POCHUTA,CHIMALTENANGO,1
2020,"SANTA LUCÍA UTATLÁN",SOLOLA,1
2020,"SANTA APOLONIA",CHIMALTENANGO,1
2020,CHINIQUE,QUICHE,1
2020,CHIANTLA,HUEHUETENANGO,1
2021,COATEPEQUE,QUETZALTENANGO,440
2021,"SALAMÁ","BAJA VERAPAZ",148
2021,ESCUINTLA,ESCUINTLA,123
2021,MAZATENANGO,SUCHITEPEQUEZ,109
2021,"SENAHÚ","ALTA VERAPAZ",107
2021,"GÉNOVA",QUETZALTENANGO,91
2021,"LA LIBERTAD","EL PETEN",89
2021,"FRAY BARTOLOMÉ DE LAS CASAS","ALTA VERAPAZ",80
2021,FLORES,"EL PETEN",63
2021,ZACAPA,ZACAPA,55
2021,GUATEMALA,GUATEMALA,51
2021,"MALACATÁN","SAN MARCOS",49
2021,"SAYAXCHÉ","EL PETEN",47
2021,"AMATITLÁN",GUATEMALA,46
2021,CUILAPA,"SANTA ROSA",44
2021,MIXCO,GUATEMALA,43
2021,"ANTIGUA GUATEMALA",SACATEPEQUEZ,43
2021,"EL CHOL","BAJA VERAPAZ",40
2021,"PUERTO BARRIOS",IZABAL,37
2021,CHIQUIMULA,CHIQUIMULA,37
2021,MASAGUA,ESCUINTLA,36
2021,"SAN FRANCISCO","EL PETEN",36
2021,RETALHULEU,RETALHULEU,34
2021,TIQUISATE,ESCUINTLA,33
2021,"POPTÚN","EL PETEN",32
2021,GRANADOS,"BAJA VERAPAZ",32
2021,"PALÍN",ESCUINTLA,29
2021,LIVINGSTON,IZABAL,26
2021,GUASTATOYA,"EL PROGRESO",25
2021,CUBULCO,"BAJA VERAPAZ",25
2021,"SAN MARTÍN ZAPOTITLÁN",RETALHULEU,23
2021,SUMPANGO,SACATEPEQUEZ,23
2021,DOLORES,"EL PETEN",22
2021,AYUTLA,"SAN MARCOS",22
2021,"SAN ANDRÉS","EL PETEN",20
2021,"TECULUTÁN",ZACAPA,20
2021,ZUNILITO,SUCHITEPEQUEZ,18
2021,"EL PALMAR",QUETZALTENANGO,17
2021,MORALES,IZABAL,16
2021,"FLORES COSTA CUCA",QUETZALTENANGO,16
2021,"NUEVA CONCEPCIÓN",ESCUINTLA,16
2021,SIPACATE,ESCUINTLA,16
2021,"SANTIAGO SACATEPÉQUEZ",SACATEPEQUEZ,16
2021,JUTIAPA,JUTIAPA,15
2021,"SAN FELIPE",RETALHULEU,15
2021,"EL TUMBADOR","SAN MARCOS",14
2021,"VILLA CANALES",GUATEMALA,14
2021,"SANTA CRUZ MULÚA",RETALHULEU,14
2021,CUYOTENANGO,SUCHITEPEQUEZ,13
2021,COLOMBA,QUETZALTENANGO,13
2021,"SAN LUIS","EL PETEN",12
2021,"PACHALÚN",QUICHE,12
2021,"SIQUINALÁ",ESCUINTLA,12
2021,CHUARRANCHO,GUATEMALA,12
2021,PANAJACHEL,SOLOLA,12
2021,"SANTA LUCÍA COTZUMALGUAPA",ESCUINTLA,11
2021,JALAPA,JALAPA,11
2021,"NUEVA SANTA ROSA","SANTA ROSA",11
2021,BARBERENA,"SANTA ROSA",11
2021,"SAN JUAN LA ERMITA",CHIQUIMULA,11
2021,"SAN JOSÉ","EL PETEN",11
2021,"IXCÁN",QUICHE,10
2021,"GUALÁN",ZACAPA,10
2021,"PUERTO DE SAN JOSÉ",ESCUINTLA,10
2021,"SAN LUIS JILOTEPEQUE",JALAPA,10
2021,"SAN PABLO","SAN MARCOS",10
2021,"SAN JERÓNIMO","BAJA VERAPAZ",10
2021,"SAN JACINTO",CHIQUIMULA,10
2021,JOYABAJ,QUICHE,9
2021,GUANAGAZAPA,ESCUINTLA,9
2021,RABINAL,"BAJA VERAPAZ",8
2021,"SAN BENITO","EL PETEN",8
2021,"SANTA ANA","EL PETEN",8
2021,SANARATE,"EL PROGRESO",8
2021,"SAN JOSÉ EL IDOLO",SUCHITEPEQUEZ,8
2021,"OCÓS","SAN MARCOS",7
2021,"SAN JOSÉ DEL GOLFO",GUATEMALA,7
2021,QUETZALTEPEQUE,CHIQUIMULA,7
2021,"NUEVO SAN CARLOS",RETALHULEU,7
2021,PALENCIA,GUATEMALA,6
2021,ALOTENANGO,SACATEPEQUEZ,6
2021,IZTAPA,ESCUINTLA,6
2021,"SAN MARCOS","SAN MARCOS",6
2021,TAXISCO,"SANTA ROSA",6
2021,"LA GOMERA",ESCUINTLA,5
2021,"LAS CRUCES","EL PETEN",5
2021,"SAN PEDRO CARCHÁ","ALTA VERAPAZ",5
2021,CHAHAL,"ALTA VERAPAZ",5
2021,"SAN JORGE",ZACAPA,5
2021,"SAN VICENTE PACAYA",ESCUINTLA,5
2021,"SAN MIGUEL CHICAJ","BAJA VERAPAZ",5
2021,YEPOCAPA,CHIMALTENANGO,5
2021,"SAN RAYMUNDO",GUATEMALA,5
2021,POCHUTA,CHIMALTENANGO,5
2021,"COBÁN","ALTA VERAPAZ",4
2021,"SAN RAFAEL LAS FLORES","SANTA ROSA",4
2021,"CONCEPCIÓN LAS MINAS",CHIQUIMULA,4
2021,"MELCHOR DE MENCOS","EL PETEN",4
2021,"CAHABÓN","ALTA VERAPAZ",4
2021,"EL QUETZAL","SAN MARCOS",4
2021,CATARINA,"SAN MARCOS",4
2021,"JOCOTÁN",CHIQUIMULA,3
2021,"LA DEMOCRACIA",HUEHUETENANGO,3
2021,CHIMALTENANGO,CHIMALTENANGO,3
2021,"SAN MARTÍN JILOTEPEQUE",CHIMALTENANGO,3
2021,BARILLAS,HUEHUETENANGO,3
2021,CHINAUTLA,GUATEMALA,3
2021,"LA DEMOCRACIA",ESCUINTLA,3
2021,"SAN PEDRO NECTA",HUEHUETENANGO,3
2021,"SAN ANDRÉS VILLA SECA",RETALHULEU,3
2021,"TUCURÚ","ALTA VERAPAZ",3
2021,ESQUIPULAS,CHIQUIMULA,3
2021,CASILLAS,"SANTA ROSA",3
2021,JALPATAGUA,JUTIAPA,3
2021,"EL CHAL","EL PETEN",3
2021,"PUEBLO NUEVO VIÑAS","SANTA ROSA",3
2021,IPALA,CHIQUIMULA,3
2021,"SANTA BÁRBARA",SUCHITEPEQUEZ,3
2021,RAXRUHA,"ALTA VERAPAZ",2
2021,"VILLA NUEVA",GUATEMALA,2
2021,"EL ESTOR",IZABAL,2
2021,ATESCATEMPA,JUTIAPA,2
2021,"SAN ANTONIO AGUAS CALIENTES",SACATEPEQUEZ,2
2021,"LA TINTA","ALTA VERAPAZ",2
2021,"LOS AMATES",IZABAL,2
2021,"SOLOLÁ",SOLOLA,2
2021,"SANTA CATARINA MITA",JUTIAPA,2
2021,"SAN SEBASTIÁN",RETALHULEU,2
2021,"RÍO BRAVO",SUCHITEPEQUEZ,2
2021,PAJAPITA,"SAN MARCOS",2
2021,CHISEC,"ALTA VERAPAZ",2
2021,"EL ASINTAL",RETALHULEU,2
2021,"SANTA ROSA DE LIMA","SANTA ROSA",2
2021,"SANTA CATARINA IXTAHUACÁN",SOLOLA,2
2021,SACAPULAS,QUICHE,2
2021,MOYUTA,JUTIAPA,2
2021,"SAN LUCAS SACATEPÉQUEZ",SACATEPEQUEZ,2
2021,"SAN LUCAS TOLIMÁN",SOLOLA,2
2021,"SAN JOSÉ LA ARADA",CHIQUIMULA,2
2021,"ZAPOTITLÁN",JUTIAPA,2
2021,"EL ADELANTO",JUTIAPA,2
2021,"EL TEJAR",CHIMALTENANGO,2
2021,JEREZ,JUTIAPA,2
2021,"SANTA CATARINA BARAHONA",SACATEPEQUEZ,2
2021,"SAN JUAN CHAMELCO","ALTA VERAPAZ",2
2021,"SAN MIGUEL PETAPA",GUATEMALA,1
2021,"CANILLÁ",QUICHE,1
2021,CHAMPERICO,RETALHULEU,1
2021,"EL JÍCARO","EL PROGRESO",1
2021,HUEHUETENANGO,HUEHUETENANGO,1
2021,"ASUNCIÓN MITA",JUTIAPA,1
2021,JACALTENANGO,HUEHUETENANGO,1
2021,"SAN PABLO JOCOPILAS",SUCHITEPEQUEZ,1
2021,ESTANZUELA,ZACAPA,1
2021,"CABAÑAS",ZACAPA,1
2021,"SAN JOSÉ PINULA",GUATEMALA,1
2021,"CAMOTÁN",CHIQUIMULA,1
2021,"SAN AGUSTÍN ACASAGUASTLÁN","EL PROGRESO",1
2021,"NUEVO PROGRESO","SAN MARCOS",1
2021,"LA REFORMA","SAN MARCOS",1
2021,"USUMATLÁN",ZACAPA,1
2021,COMAPA,JUTIAPA,1
2021,OLOPA,CHIQUIMULA,1
2021,"SANTA CATARINA PINULA",GUATEMALA,1
2021,PASACO,JUTIAPA,1
2021,"SANTA CRUZ DEL QUICHÉ",QUICHE,1
2021,"GUAZACAPÁN","SANTA ROSA",1
2021,"SAN PEDRO PINULA",JALAPA,1
2021,PASTORES,SACATEPEQUEZ,1
2021,QUEZADA,JUTIAPA,1
2021,"SANTO DOMINGO SUCHITEPÉQUEZ",SUCHITEPEQUEZ,1
2021,"TOTONICAPÁN",TOTONICAPAN,1
2021,"CIUDAD VIEJA",SACATEPEQUEZ,1
2021,"SAN MIGUEL DUEÑAS",SACATEPEQUEZ,1
2021,"SAN JOSÉ POAQUIL",CHIMALTENANGO,1
2022,COATEPEQUE,QUETZALTENANGO,949
2022,MAZATENANGO,SUCHITEPEQUEZ,425
2022,ZACAPA,ZACAPA,386
2022,"LA TINTA","ALTA VERAPAZ",325
2022,"SAYAXCHÉ","EL PETEN",286
2022,"SALAMÁ","BAJA VERAPAZ",263
2022,"FLORES COSTA CUCA",QUETZALTENANGO,253
2022,"GÉNOVA",QUETZALTENANGO,229
2022,ESCUINTLA,ESCUINTLA,222
2022,JUTIAPA,JUTIAPA,197
2022,"MALACATÁN","SAN MARCOS",178
2022,FLORES,"EL PETEN",168
2022,JACALTENANGO,HUEHUETENANGO,160
2022,"LA LIBERTAD","EL PETEN",138
2022,"FRAY BARTOLOMÉ DE LAS CASAS","ALTA VERAPAZ",137
2022,"POPTÚN","EL PETEN",137
2022,CUILAPA,"SANTA ROSA",135
2022,"AMATITLÁN",GUATEMALA,124
2022,"TUCURÚ","ALTA VERAPAZ",121
2022,RETALHULEU,RETALHULEU,118
2022,CHIQUIMULA,CHIQUIMULA,104
2022,COLOMBA,QUETZALTENANGO,102
2022,"EL PALMAR",QUETZALTENANGO,99
2022,JALAPA,JALAPA,99
2022,"EL CHAL","EL PETEN",96
2022,"GUALÁN",ZACAPA,95
2022,GRANADOS,"BAJA VERAPAZ",95
2022,"ANTIGUA GUATEMALA",SACATEPEQUEZ,90
2022,MIXCO,GUATEMALA,84
2022,"SAN FRANCISCO","EL PETEN",81
2022,DOLORES,"EL PETEN",79
2022,"NUEVA CONCEPCIÓN",ESCUINTLA,74
2022,RABINAL,"BAJA VERAPAZ",71
2022,GUATEMALA,GUATEMALA,70
2022,"SANTA ANA","EL PETEN",69
2022,MASAGUA,ESCUINTLA,66
2022,JALPATAGUA,JUTIAPA,64
2022,CUILCO,HUEHUETENANGO,61
2022,"TECULUTÁN",ZACAPA,54
2022,"SANTA CRUZ MULÚA",RETALHULEU,46
2022,"NENTÓN",HUEHUETENANGO,43
2022,"SAN ANDRÉS","EL PETEN",41
2022,HUEHUETENANGO,HUEHUETENANGO,40
2022,ESQUIPULAS,CHIQUIMULA,40
2022,"SAN ILDELFONSO IXTAHUACÁN",HUEHUETENANGO,40
2022,"SAN JERÓNIMO","BAJA VERAPAZ",39
2022,CUBULCO,"BAJA VERAPAZ",38
2022,"PUERTO BARRIOS",IZABAL,37
2022,CATARINA,"SAN MARCOS",35
2022,QUETZALTEPEQUE,CHIQUIMULA,34
2022,"SAN MIGUEL CHICAJ","BAJA VERAPAZ",34
2022,TIQUISATE,ESCUINTLA,33
2022,"PALÍN",ESCUINTLA,33
2022,"JOCOTÁN",CHIQUIMULA,32
2022,"EL TUMBADOR","SAN MARCOS",32
2022,CHAMPERICO,RETALHULEU,32
2022,"IXCÁN",QUICHE,31
2022,"EL QUETZAL","SAN MARCOS",31
2022,LIVINGSTON,IZABAL,30
2022,"SAN LUIS","EL PETEN",29
2022,GUASTATOYA,"EL PROGRESO",28
2022,"SAN ANDRÉS VILLA SECA",RETALHULEU,28
2022,"COBÁN","ALTA VERAPAZ",26
2022,"LA GOMERA",ESCUINTLA,26
2022,"SENAHÚ","ALTA VERAPAZ",26
2022,MORALES,IZABAL,25
2022,"SAN PABLO","SAN MARCOS",25
2022,"SAN MARCOS","SAN MARCOS",25
2022,"VILLA CANALES",GUATEMALA,24
2022,AYUTLA,"SAN MARCOS",24
2022,ESTANZUELA,ZACAPA,24
2022,"ASUNCIÓN MITA",JUTIAPA,22
2022,CHUARRANCHO,GUATEMALA,22
2022,"EL ASINTAL",RETALHULEU,22
2022,"CONCEPCIÓN LAS MINAS",CHIQUIMULA,21
2022,"SAN FELIPE",RETALHULEU,21
2022,"NUEVA SANTA ROSA","SANTA ROSA",20
2022,"SIQUINALÁ",ESCUINTLA,20
2022,ATESCATEMPA,JUTIAPA,19
2022,"SAN JOSÉ LA ARADA",CHIQUIMULA,19
2022,"LOS AMATES",IZABAL,18
2022,"MELCHOR DE MENCOS","EL PETEN",18
2022,CHISEC,"ALTA VERAPAZ",18
2022,"OCÓS","SAN MARCOS",17
2022,"VILLA NUEVA",GUATEMALA,17
2022,"LA DEMOCRACIA",ESCUINTLA,17
2022,"SAN LUIS JILOTEPEQUE",JALAPA,17
2022,GUANAGAZAPA,ESCUINTLA,17
2022,"LAS CRUCES","EL PETEN",16
2022,ALOTENANGO,SACATEPEQUEZ,16
2022,"PUERTO DE SAN JOSÉ",ESCUINTLA,16
2022,"SAN ANTONIO AGUAS CALIENTES",SACATEPEQUEZ,15
2022,"SAN ANTONIO SUCHITEPÉQUEZ",SUCHITEPEQUEZ,15
2022,SANARATE,"EL PROGRESO",15
2022,"SAN JORGE",ZACAPA,14
2022,BARILLAS,HUEHUETENANGO,13
2022,"SAN JUAN SACATEPÉQUEZ",GUATEMALA,13
2022,"SAN JACINTO",CHIQUIMULA,13
2022,"LANQUÍN","ALTA VERAPAZ",13
2022,BARBERENA,"SANTA ROSA",12
2022,"NUEVO PROGRESO","SAN MARCOS",12
2022,MALACATANCITO,HUEHUETENANGO,12
2022,CUYOTENANGO,SUCHITEPEQUEZ,11
2022,"SAN PEDRO CARCHÁ","ALTA VERAPAZ",11
2022,"CABAÑAS",ZACAPA,11
2022,"CAMOTÁN",CHIQUIMULA,11
2022,"SAN MARTÍN ZAPOTITLÁN",RETALHULEU,11
2022,"LA DEMOCRACIA",HUEHUETENANGO,10
2022,PALENCIA,GUATEMALA,10
2022,"SAN JOSÉ DEL GOLFO",GUATEMALA,10
2022,IZTAPA,ESCUINTLA,10
2022,"EL ESTOR",IZABAL,9
2022,"EL JÍCARO","EL PROGRESO",9
2022,"SANTA ANA HUISTA",HUEHUETENANGO,9
2022,"SAN VICENTE PACAYA",ESCUINTLA,9
2022,"SAN ANTONIO HUISTA",HUEHUETENANGO,9
2022,IPALA,CHIQUIMULA,9
2022,"EL CHOL","BAJA VERAPAZ",9
2022,"SAN MIGUEL PETAPA",GUATEMALA,8
2022,SIPACATE,ESCUINTLA,8
2022,"SANTA CATARINA IXTAHUACÁN",SOLOLA,8
2022,"SAN JOSÉ","EL PETEN",8
2022,ZUNILITO,SUCHITEPEQUEZ,8
2022,"SAN JOSÉ EL IDOLO",SUCHITEPEQUEZ,8
2022,CHIMALTENANGO,CHIMALTENANGO,7
2022,"SAN PEDRO NECTA",HUEHUETENANGO,7
2022,CHAHAL,"ALTA VERAPAZ",7
2022,"SAN MANUEL CHAPARRÓN",JALAPA,7
2022,CASILLAS,"SANTA ROSA",7
2022,"SANTO TOMÁS LA UNIÓN",SUCHITEPEQUEZ,7
2022,"SAN JUAN LA ERMITA",CHIQUIMULA,7
2022,"SANTA LUCÍA COTZUMALGUAPA",ESCUINTLA,6
2022,"SAN RAFAEL LAS FLORES","SANTA ROSA",6
2022,"SOLOLÁ",SOLOLA,6
2022,YEPOCAPA,CHIMALTENANGO,6
2022,"EL RODEO","SAN MARCOS",6
2022,PANAJACHEL,SOLOLA,6
2022,PANZOS,"ALTA VERAPAZ",6
2022,"CIUDAD VIEJA",SACATEPEQUEZ,6
2022,"SANTA CATARINA BARAHONA",SACATEPEQUEZ,6
2022,RAXRUHA,"ALTA VERAPAZ",5
2022,"CANILLÁ",QUICHE,5
2022,"SAN MARTÍN JILOTEPEQUE",CHIMALTENANGO,5
2022,"SAN SEBASTIÁN",RETALHULEU,5
2022,"NUEVO SAN CARLOS",RETALHULEU,5
2022,"USUMATLÁN",ZACAPA,5
2022,"HUITÉ",ZACAPA,5
2022,"SAN MIGUEL DUEÑAS",SACATEPEQUEZ,5
2022,POCHUTA,CHIMALTENANGO,5
2022,"SAN JOSÉ PINULA",GUATEMALA,4
2022,"PACHALÚN",QUICHE,4
2022,"SANTA MARÍA IXHUATÁN","SANTA ROSA",4
2022,"SAN ANTONIO LA PAZ","EL PROGRESO",4
2022,"SAN PEDRO LA LAGUNA",SOLOLA,4
2022,"SANTO DOMINGO SUCHITEPÉQUEZ",SUCHITEPEQUEZ,4
2022,"SAN RAFAEL PIÉ DE LA CUESTA","SAN MARCOS",4
2022,QUETZALTENANGO,QUETZALTENANGO,3
2022,JOYABAJ,QUICHE,3
2022,"RÍO HONDO",ZACAPA,3
2022,"PUEBLO NUEVO VIÑAS","SANTA ROSA",3
2022,ORATORIO,"SANTA ROSA",3
2022,"TOTONICAPÁN",TOTONICAPAN,3
2022,JOCOTENANGO,SACATEPEQUEZ,3
2022,"SANTIAGO ATITLÁN",SOLOLA,2
2022,CHINAUTLA,GUATEMALA,2
2022,PARRAMOS,CHIMALTENANGO,2
2022,"SANTA CRUZ DEL QUICHÉ",QUICHE,2
2022,YUPILTEPEQUE,JUTIAPA,2
2022,"ZAPOTITLÁN",JUTIAPA,2
2022,"TECPÁN GUATEMALA",CHIMALTENANGO,2
2022,"EL PROGRESO",JUTIAPA,2
2022,JEREZ,JUTIAPA,2
2022,"PURULHÁ","BAJA VERAPAZ",2
2022,"SAN BENITO","EL PETEN",1
2022,MATAQUESCUINTLA,JALAPA,1
2022,"SAN PABLO JOCOPILAS",SUCHITEPEQUEZ,1
2022,"SAN PEDRO AYAMPUC",GUATEMALA,1
2022,"SAN AGUSTÍN ACASAGUASTLÁN","EL PROGRESO",1
2022,"LA REFORMA","SAN MARCOS",1
2022,"SAN JOSÉ ACATEMPA",JUTIAPA,1
2022,"LA LIBERTAD",HUEHUETENANGO,1
2022,ACATENANGO,CHIMALTENANGO,1
2022,FRAIJANES,GUATEMALA,1
2022,"SAN GASPAR IXCHIL",HUEHUETENANGO,1
2022,SACAPULAS,QUICHE,1
2022,"SAN LUCAS SACATEPÉQUEZ",SACATEPEQUEZ,1
2022,SUMPANGO,SACATEPEQUEZ,1
2022,PATULUL,SUCHITEPEQUEZ,1
2022,QUEZADA,JUTIAPA,1
2022,"AGUACATÁN",HUEHUETENANGO,1
2022,"EL ADELANTO",JUTIAPA,1
2022,"EL TEJAR",CHIMALTENANGO,1
2022,"NAHUALÁ",SOLOLA,1
2022,"SAN BERNARDINO",SUCHITEPEQUEZ,1
2022,"SAN FRANCISCO ZAPOTITLÁN",SUCHITEPEQUEZ,1
2022,CANTEL,QUETZALTENANGO,1
2022,"SAN ANTONIO PALOPÓ",SOLOLA,1
2022,"SAN JOSÉ POAQUIL",CHIMALTENANGO,1
2022,"SANTA APOLONIA",CHIMALTENANGO,1
2022,"CONCEPCIÓN",SOLOLA,1
2023,COATEPEQUE,QUETZALTENANGO,4371
2023,MIXCO,GUATEMALA,4200
2023,"ANTIGUA GUATEMALA",SACATEPEQUEZ,3054
2023,ESCUINTLA,ESCUINTLA,2773
2023,GUATEMALA,GUATEMALA,2612
2023,CHIQUIMULA,CHIQUIMULA,2612
2023,JUTIAPA,JUTIAPA,2597
2023,JOYABAJ,QUICHE,2558
2023,JALAPA,JALAPA,2130
2023,ZACAPA,ZACAPA,2023
2023,"AMATITLÁN",GUATEMALA,1826
2023,"SAN JUAN SACATEPÉQUEZ",GUATEMALA,1489
2023,"POPTÚN","EL PETEN",1149
2023,"VILLA NUEVA",GUATEMALA,1131
2023,"CANILLÁ",QUICHE,938
2023,"GUALÁN",ZACAPA,911
2023,CUILAPA,"SANTA ROSA",887
2023,"SALAMÁ","BAJA VERAPAZ",854
2023,ZACUALPA,QUICHE,853
2023,CHIMALTENANGO,CHIMALTENANGO,832
2023,"LA TINTA","ALTA VERAPAZ",802
2023,GUASTATOYA,"EL PROGRESO",744
2023,MAZATENANGO,SUCHITEPEQUEZ,720
2023,ESQUIPULAS,CHIQUIMULA,700
2023,PALENCIA,GUATEMALA,641
2023,"SAN LUIS","EL PETEN",634
2023,"MALACATÁN","SAN MARCOS",532
2023,YEPOCAPA,CHIMALTENANGO,509
2023,"SANTA CATARINA PINULA",GUATEMALA,492
2023,DOLORES,"EL PETEN",481
2023,RABINAL,"BAJA VERAPAZ",473
2023,"SAN LUIS JILOTEPEQUE",JALAPA,473
2023,"SAN ANDRÉS SAJCABAJÁ",QUICHE,468
2023,"PUERTO BARRIOS",IZABAL,462
2023,"EL ESTOR",IZABAL,454
2023,"COBÁN","ALTA VERAPAZ",450
2023,"CIUDAD VIEJA",SACATEPEQUEZ,450
2023,"SOLOLÁ",SOLOLA,442
2023,MORALES,IZABAL,435
2023,"SAN MIGUEL CHICAJ","BAJA VERAPAZ",435
2023,"SAYAXCHÉ","EL PETEN",432
2023,"SAN JOSÉ PINULA",GUATEMALA,427
2023,CHINAUTLA,GUATEMALA,418
2023,"VILLA CANALES",GUATEMALA,416
2023,QUETZALTEPEQUE,CHIQUIMULA,415
2023,"SANTA CRUZ DEL QUICHÉ",QUICHE,415
2023,"SAN BENITO","EL PETEN",410
2023,"SAN JOSÉ DEL GOLFO",GUATEMALA,408
2023,SACAPULAS,QUICHE,391
2023,"SAN CRISTÓBAL VERAPAZ","ALTA VERAPAZ",378
2023,"LA LIBERTAD","EL PETEN",377
2023,"EL PALMAR",QUETZALTENANGO,343
2023,MASAGUA,ESCUINTLA,330
2023,LIVINGSTON,IZABAL,323
2023,"SAN JERÓNIMO","BAJA VERAPAZ",320
2023,"TAMAHÚ","ALTA VERAPAZ",320
2023,COLOMBA,QUETZALTENANGO,314
2023,"SAN RAFAEL LAS FLORES","SANTA ROSA",311
2023,"FLORES COSTA CUCA",QUETZALTENANGO,294
2023,FRAIJANES,GUATEMALA,293
2023,BARBERENA,"SANTA ROSA",284
2023,"IXCÁN",QUICHE,278
2023,"SIQUINALÁ",ESCUINTLA,271
2023,"SENAHÚ","ALTA VERAPAZ",271
2023,"GÉNOVA",QUETZALTENANGO,264
2023,"PUERTO DE SAN JOSÉ",ESCUINTLA,254
2023,GRANADOS,"BAJA VERAPAZ",254
2023,"PALÍN",ESCUINTLA,223
2023,"GUAZACAPÁN","SANTA ROSA",222
2023,"FRAY BARTOLOMÉ DE LAS CASAS","ALTA VERAPAZ",213
2023,"EL CHAL","EL PETEN",211
2023,"LAS CRUCES","EL PETEN",205
2023,"SAN MIGUEL USPANTÁN",QUICHE,198
2023,ACATENANGO,CHIMALTENANGO,196
2023,"SANTIAGO ATITLÁN",SOLOLA,195
2023,JOCOTENANGO,SACATEPEQUEZ,194
2023,"SANTA CRUZ NARANJO","SANTA ROSA",191
2023,"LA GOMERA",ESCUINTLA,185
2023,"SANTA CRUZ VERAPAZ","ALTA VERAPAZ",181
2023,ALOTENANGO,SACATEPEQUEZ,179
2023,"SANTA LUCÍA COTZUMALGUAPA",ESCUINTLA,178
2023,"TECULUTÁN",ZACAPA,177
2023,CASILLAS,"SANTA ROSA",176
2023,"PACHALÚN",QUICHE,176
2023,"JOCOTÁN",CHIQUIMULA,170
2023,"LA UNIÓN",ZACAPA,170
2023,"SAN GASPAR IXCHIL",HUEHUETENANGO,170
2023,RETALHULEU,RETALHULEU,169
2023,OLOPA,CHIQUIMULA,169
2023,"SAN ANTONIO LA PAZ","EL PROGRESO",168
2023,CUBULCO,"BAJA VERAPAZ",161
2023,"CAMOTÁN",CHIQUIMULA,161
2023,TIQUISATE,ESCUINTLA,160
2023,"NUEVA CONCEPCIÓN",ESCUINTLA,157
2023,"SANTA ANA","EL PETEN",155
2023,"SAN PEDRO PINULA",JALAPA,155
2023,"LANQUÍN","ALTA VERAPAZ",152
2023,"SAN LUCAS TOLIMÁN",SOLOLA,148
2023,PARRAMOS,CHIMALTENANGO,138
2023,"SAN ILDELFONSO IXTAHUACÁN",HUEHUETENANGO,138
2023,"SAN PEDRO AYAMPUC",GUATEMALA,133
2023,AYUTLA,"SAN MARCOS",129
2023,"SAN BARTOLOMÉ JOCOTENANGO",QUICHE,127
2023,"SAN PEDRO LA LAGUNA",SOLOLA,125
2023,"NUEVA SANTA ROSA","SANTA ROSA",124
2023,BARILLAS,HUEHUETENANGO,123
2023,MATAQUESCUINTLA,JALAPA,123
2023,"NUEVO PROGRESO","SAN MARCOS",122
2023,"SAN JUAN LA ERMITA",CHIQUIMULA,117
2023,FLORES,"EL PETEN",115
2023,"ASUNCIÓN MITA",JUTIAPA,113
2023,"SAN ANTONIO AGUAS CALIENTES",SACATEPEQUEZ,112
2023,"CABAÑAS",ZACAPA,112
2023,GUANAGAZAPA,ESCUINTLA,112
2023,CHISEC,"ALTA VERAPAZ",110
2023,IPALA,CHIQUIMULA,110
2023,JACALTENANGO,HUEHUETENANGO,109
2023,"SAN JOSÉ LA ARADA",CHIQUIMULA,109
2023,"SAN JUAN LA LAGUNA",SOLOLA,108
2023,HUEHUETENANGO,HUEHUETENANGO,107
2023,"CONCEPCIÓN LAS MINAS",CHIQUIMULA,106
2023,"SAN SEBASTIÁN",RETALHULEU,105
2023,"SAN JACINTO",CHIQUIMULA,105
2023,"LA DEMOCRACIA",HUEHUETENANGO,104
2023,"LA DEMOCRACIA",ESCUINTLA,104
2023,"SAN PEDRO CARCHÁ","ALTA VERAPAZ",104
2023,"NAHUALÁ",SOLOLA,102
2023,SIPACATE,ESCUINTLA,99
2023,TAXISCO,"SANTA ROSA",97
2023,"SAN MIGUEL DUEÑAS",SACATEPEQUEZ,96
2023,PANAJACHEL,SOLOLA,93
2023,"SAN FRANCISCO","EL PETEN",86
2023,"EL CHOL","BAJA VERAPAZ",86
2023,"SANTA CATARINA IXTAHUACÁN",SOLOLA,85
2023,PASTORES,SACATEPEQUEZ,85
2023,CHAHAL,"ALTA VERAPAZ",79
2023,"SAN MIGUEL PETAPA",GUATEMALA,76
2023,"EL TUMBADOR","SAN MARCOS",76
2023,MOYUTA,JUTIAPA,76
2023,"SANTA CATARINA PALOPÓ",SOLOLA,76
2023,"AGUACATÁN",HUEHUETENANGO,73
2023,IZTAPA,ESCUINTLA,69
2023,"SANTO TOMÁS LA UNIÓN",SUCHITEPEQUEZ,67
2023,"NENTÓN",HUEHUETENANGO,65
2023,"SAN ANDRÉS ITZAPA",CHIMALTENANGO,65
2023,"SAN PEDRO NECTA",HUEHUETENANGO,64
2023,"MELCHOR DE MENCOS","EL PETEN",64
2023,"EL ASINTAL",RETALHULEU,64
2023,CUILCO,HUEHUETENANGO,63
2023,CHIQUIMULILLA,"SANTA ROSA",60
2023,MONJAS,JALAPA,60
2023,COLOTENANGO,HUEHUETENANGO,58
2023,"SAN RAYMUNDO",GUATEMALA,58
2023,"SAN ANTONIO HUISTA",HUEHUETENANGO,57
2023,"SAN FELIPE",RETALHULEU,57
2023,PANZOS,"ALTA VERAPAZ",57
2023,"SANTA CRUZ MULÚA",RETALHULEU,56
2023,CHICACAO,SUCHITEPEQUEZ,54
2023,"SAN MARCOS","SAN MARCOS",54
2023,"SAN ANDRÉS VILLA SECA",RETALHULEU,53
2023,CHUARRANCHO,GUATEMALA,52
2023,"TUCURÚ","ALTA VERAPAZ",51
2023,"SAN ANDRÉS","EL PETEN",49
2023,"SAN ANTONIO PALOPÓ",SOLOLA,48
2023,"SANTA ROSA DE LIMA","SANTA ROSA",47
2023,RAXRUHA,"ALTA VERAPAZ",46
2023,"SANTA MARÍA IXHUATÁN","SANTA ROSA",45
2023,COMAPA,JUTIAPA,44
2023,"NUEVO SAN CARLOS",RETALHULEU,42
2023,CHAMPERICO,RETALHULEU,40
2023,"SAN MANUEL CHAPARRÓN",JALAPA,39
2023,"SAN JUAN TECUACO","SANTA ROSA",39
2023,"SAN JORGE",ZACAPA,38
2023,SANARATE,"EL PROGRESO",38
2023,CATARINA,"SAN MARCOS",37
2023,"OCÓS","SAN MARCOS",36
2023,SUMPANGO,SACATEPEQUEZ,36
2023,"SAN MARTÍN JILOTEPEQUE",CHIMALTENANGO,35
2023,"SAN VICENTE PACAYA",ESCUINTLA,35
2023,"LOS AMATES",IZABAL,34
2023,PASACO,JUTIAPA,34
2023,"SAN PEDRO SACATEPÉQUEZ",GUATEMALA,32
2023,"SAN LUCAS SACATEPÉQUEZ",SACATEPEQUEZ,32
2023,"USUMATLÁN",ZACAPA,31
2023,"EL JÍCARO","EL PROGRESO",29
2023,"CAHABÓN","ALTA VERAPAZ",29
2023,"PUEBLO NUEVO VIÑAS","SANTA ROSA",29
2023,"SANTA ANA HUISTA",HUEHUETENANGO,28
2023,JALPATAGUA,JUTIAPA,27
2023,ORATORIO,"SANTA ROSA",27
2023,"LA REFORMA","SAN MARCOS",26
2023,"RÍO HONDO",ZACAPA,25
2023,"CHICAMÁN",QUICHE,25
2023,POCHUTA,CHIMALTENANGO,25
2023,"EL QUETZAL","SAN MARCOS",24
2023,"SAN DIEGO",ZACAPA,24
2023,"CUNÉN",QUICHE,24
2023,"TECPÁN GUATEMALA",CHIMALTENANGO,24
2023,"SAN MARTÍN ZAPOTITLÁN",RETALHULEU,22
2023,"SANTO DOMINGO XENACOJ",SACATEPEQUEZ,22
2023,ATESCATEMPA,JUTIAPA,21
2023,"SAN ANTONIO SUCHITEPÉQUEZ",SUCHITEPEQUEZ,21
2023,CUYOTENANGO,SUCHITEPEQUEZ,20
2023,YUPILTEPEQUE,JUTIAPA,20
2023,ESTANZUELA,ZACAPA,19
2023,TACTIC,"ALTA VERAPAZ",19
2023,QUEZADA,JUTIAPA,19
2023,"SANTA CATARINA BARAHONA",SACATEPEQUEZ,19
2023,"PATZICÍA",CHIMALTENANGO,16
2023,PATULUL,SUCHITEPEQUEZ,16
2023,ZARAGOZA,CHIMALTENANGO,16
2023,NEBAJ,QUICHE,16
2023,"SAN JOSÉ","EL PETEN",15
2023,"TECTITÁN",HUEHUETENANGO,14
2023,"SAN CRISTÓBAL ACASAGUASTLÁN","EL PROGRESO",14
2023,"AGUA BLANCA",JUTIAPA,14
2023,"PURULHÁ","BAJA VERAPAZ",13
2023,"EL TEJAR",CHIMALTENANGO,12
2023,"SAN JUAN CHAMELCO","ALTA VERAPAZ",12
2023,"MORAZÁN","EL PROGRESO",11
2023,"SANTIAGO SACATEPÉQUEZ",SACATEPEQUEZ,11
2023,"SAN JOSÉ EL IDOLO",SUCHITEPEQUEZ,10
2023,"SAN PABLO","SAN MARCOS",9
2023,"HUITÉ",ZACAPA,9
2023,ZUNILITO,SUCHITEPEQUEZ,9
2023,"SAN JUAN COTZAL",QUICHE,9
2023,CONGUACO,JUTIAPA,7
2023,"EL RODEO","SAN MARCOS",7
2023,"TOTONICAPÁN",TOTONICAPAN,7
2023,MALACATANCITO,HUEHUETENANGO,7
2023,"SANTA CATARINA MITA",JUTIAPA,6
2023,"CHICHÉ",QUICHE,6
2023,"SANTA CRUZ BALANYÁ",CHIMALTENANGO,6
2023,"SAN AGUSTÍN ACASAGUASTLÁN","EL PROGRESO",5
2023,"LA LIBERTAD",HUEHUETENANGO,5
2023,JEREZ,JUTIAPA,5
2023,"SAN JOSÉ ACATEMPA",JUTIAPA,4
2023,"ZAPOTITLÁN",JUTIAPA,4
2023,SANSARE,"EL PROGRESO",4
2023,"SAN BARTOLOMÉ MILPAS ALTAS",SACATEPEQUEZ,4
2023,"SANTA LUCÍA MILPAS ALTAS",SACATEPEQUEZ,4
2023,"SAN JOSÉ POAQUIL",CHIMALTENANGO,4
2023,"MAGDALENA MILPAS ALTAS",SACATEPEQUEZ,4
2023,PAJAPITA,"SAN MARCOS",3
2023,"SAN BERNARDINO",SUCHITEPEQUEZ,3
2023,TEJUTLA,"SAN MARCOS",3
2023,"SAN PEDRO SOLOMA",HUEHUETENANGO,3
2023,CHICHICASTENANGO,QUICHE,3
2023,"RÍO BLANCO","SAN MARCOS",3
2023,"SAN ANDRÉS SEMETABAJ",SOLOLA,2
2023,"SANTA BÁRBARA",SUCHITEPEQUEZ,2
2023,"SAN JUAN BAUTISTA",SUCHITEPEQUEZ,2
2023,"SANTO DOMINGO SUCHITEPÉQUEZ",SUCHITEPEQUEZ,2
2023,"SAN RAFAEL PIÉ DE LA CUESTA","SAN MARCOS",2
2023,MOMOSTENANGO,TOTONICAPAN,2
2023,CANTEL,QUETZALTENANGO,2
2023,"SAN MIGUEL IXTAHUACÁN","SAN MARCOS",2
2023,"SAN PEDRO JOCOPILAS",QUICHE,2
2023,"SANTA LUCÍA UTATLÁN",SOLOLA,2
2023,"SANTA MARÍA DE JESÚS",SACATEPEQUEZ,2
2023,"SAN MIGUEL PANÁN",SUCHITEPEQUEZ,1
2023,"EL PROGRESO",JUTIAPA,1
2023,"SAN RAFAEL PETZAL",HUEHUETENANGO,1
2023,"SANTA APOLONIA",CHIMALTENANGO,1
2023,ZUNIL,QUETZALTENANGO,1
2023,"SAN ANTONIO ILOTENANGO",QUICHE,1
2023,CHIANTLA,HUEHUETENANGO,1
2023,"SAN JOSÉ OJETENAM","SAN MARCOS",1
2023,"SANTA CLARA LA LAGUNA",SOLOLA,1
2023,"SANTA LUCÍA LA REFORMA",TOTONICAPAN,1
2023,"SANTA MARÍA CHIQUIMULA",TOTONICAPAN,1
2023,"SALCAJÁ",QUETZALTENANGO,1
2023,"SAN PEDRO SACATEPÉQUEZ","SAN MARCOS",1
2024,JUTIAPA,JUTIAPA,8922
2024,COATEPEQUE,QUETZALTENANGO,8180
2024,GUATEMALA,GUATEMALA,6902
2024,MIXCO,GUATEMALA,6280
2024,"COBÁN","ALTA VERAPAZ",4218
2024,"MALACATÁN","SAN MARCOS",3895
2024,"ANTIGUA GUATEMALA",SACATEPEQUEZ,3657
2024,MAZATENANGO,SUCHITEPEQUEZ,3338
2024,JALAPA,JALAPA,3178
2024,"AMATITLÁN",GUATEMALA,2948
2024,"SAN BENITO","EL PETEN",2851
2024,CHIMALTENANGO,CHIMALTENANGO,2766
2024,ESCUINTLA,ESCUINTLA,2754
2024,"SALAMÁ","BAJA VERAPAZ",2381
2024,CUILAPA,"SANTA ROSA",1824
2024,"SAN JUAN SACATEPÉQUEZ",GUATEMALA,1785
2024,RABINAL,"BAJA VERAPAZ",1695
2024,GUASTATOYA,"EL PROGRESO",1582
2024,ZACAPA,ZACAPA,1555
2024,"CHICAMÁN",QUICHE,1528
2024,CHIQUIMULA,CHIQUIMULA,1492
2024,"SAN CRISTÓBAL VERAPAZ","ALTA VERAPAZ",1485
2024,"SOLOLÁ",SOLOLA,1434
2024,"SAN MIGUEL USPANTÁN",QUICHE,1430
2024,"ASUNCIÓN MITA",JUTIAPA,1285
2024,RETALHULEU,RETALHULEU,1225
2024,"VILLA NUEVA",GUATEMALA,1208
2024,"NUEVA SANTA ROSA","SANTA ROSA",1131
2024,PALENCIA,GUATEMALA,944
2024,YEPOCAPA,CHIMALTENANGO,922
2024,"GUALÁN",ZACAPA,917
2024,CUILCO,HUEHUETENANGO,881
2024,"GÉNOVA",QUETZALTENANGO,876
2024,"SAN PEDRO CARCHÁ","ALTA VERAPAZ",865
2024,"SAN JOSÉ PINULA",GUATEMALA,845
2024,CHINAUTLA,GUATEMALA,803
2024,"VILLA CANALES",GUATEMALA,783
2024,"SANTA CRUZ VERAPAZ","ALTA VERAPAZ",752
2024,GRANADOS,"BAJA VERAPAZ",740
2024,"SAN LUIS JILOTEPEQUE",JALAPA,737
2024,TIQUISATE,ESCUINTLA,735
2024,"SAN JUAN LA LAGUNA",SOLOLA,700
2024,CASILLAS,"SANTA ROSA",694
2024,"EL TUMBADOR","SAN MARCOS",678
2024,ATESCATEMPA,JUTIAPA,651
2024,COLOMBA,QUETZALTENANGO,639
2024,"LA TINTA","ALTA VERAPAZ",624
2024,"AGUACATÁN",HUEHUETENANGO,617
2024,HUEHUETENANGO,HUEHUETENANGO,616
2024,"LA UNIÓN",ZACAPA,613
2024,TACTIC,"ALTA VERAPAZ",611
2024,PANAJACHEL,SOLOLA,611
2024,"CANILLÁ",QUICHE,603
2024,"POPTÚN","EL PETEN",591
2024,"SAYAXCHÉ","EL PETEN",590
2024,FRAIJANES,GUATEMALA,574
2024,SACAPULAS,QUICHE,570
2024,"SANTA CATARINA MITA",JUTIAPA,561
2024,CUBULCO,"BAJA VERAPAZ",542
2024,QUETZALTEPEQUE,CHIQUIMULA,507
2024,"LANQUÍN","ALTA VERAPAZ",497
2024,"SAN PEDRO LA LAGUNA",SOLOLA,494
2024,JACALTENANGO,HUEHUETENANGO,472
2024,"CAMOTÁN",CHIQUIMULA,472
2024,"SAN ILDELFONSO IXTAHUACÁN",HUEHUETENANGO,462
2024,"PUERTO BARRIOS",IZABAL,455
2024,"FLORES COSTA CUCA",QUETZALTENANGO,455
2024,JEREZ,JUTIAPA,449
2024,"NUEVO PROGRESO","SAN MARCOS",433
2024,BARILLAS,HUEHUETENANGO,429
2024,"SAN PABLO","SAN MARCOS",429
2024,"SANTA CATARINA PINULA",GUATEMALA,426
2024,"SANTA CATARINA IXTAHUACÁN",SOLOLA,424
2024,BARBERENA,"SANTA ROSA",421
2024,"CAHABÓN","ALTA VERAPAZ",412
2024,"SAN PEDRO AYAMPUC",GUATEMALA,406
2024,SUMPANGO,SACATEPEQUEZ,403
2024,MORALES,IZABAL,400
2024,"IXCÁN",QUICHE,400
2024,DOLORES,"EL PETEN",397
2024,"SAN ANTONIO LA PAZ","EL PROGRESO",392
2024,"SAN MARCOS","SAN MARCOS",386
2024,"SANTA CRUZ DEL QUICHÉ",QUICHE,380
2024,"SANTA ANA","EL PETEN",376
2024,"SANTA LUCÍA COTZUMALGUAPA",ESCUINTLA,367
2024,"SAN JOSÉ DEL GOLFO",GUATEMALA,367
2024,"SAN ANTONIO HUISTA",HUEHUETENANGO,364
2024,"SAN MARTÍN JILOTEPEQUE",CHIMALTENANGO,362
2024,"NUEVO SAN CARLOS",RETALHULEU,356
2024,"SAN ANDRÉS VILLA SECA",RETALHULEU,351
2024,ESQUIPULAS,CHIQUIMULA,348
2024,IPALA,CHIQUIMULA,342
2024,PARRAMOS,CHIMALTENANGO,339
2024,"SAN LUIS","EL PETEN",336
2024,"SANTA ROSA DE LIMA","SANTA ROSA",335
2024,AYUTLA,"SAN MARCOS",328
2024,"PALÍN",ESCUINTLA,328
2024,"SAN ANTONIO AGUAS CALIENTES",SACATEPEQUEZ,327
2024,CATARINA,"SAN MARCOS",320
2024,"SAN SEBASTIÁN",RETALHULEU,319
2024,MATAQUESCUINTLA,JALAPA,317
2024,"SAN MARTÍN ZAPOTITLÁN",RETALHULEU,311
2024,"SAN PEDRO NECTA",HUEHUETENANGO,306
2024,CHUARRANCHO,GUATEMALA,306
2024,"NUEVA CONCEPCIÓN",ESCUINTLA,305
2024,"LA LIBERTAD","EL PETEN",302
2024,"SANTA CRUZ LA LAGUNA",SOLOLA,302
2024,ZACUALPA,QUICHE,288
2024,"SAN MIGUEL CHICAJ","BAJA VERAPAZ",283
2024,"MELCHOR DE MENCOS","EL PETEN",282
2024,"EL RODEO","SAN MARCOS",278
2024,"EL PALMAR",QUETZALTENANGO,276
2024,"SIQUINALÁ",ESCUINTLA,274
2024,"SENAHÚ","ALTA VERAPAZ",273
2024,MALACATANCITO,HUEHUETENANGO,268
2024,"SANTIAGO ATITLÁN",SOLOLA,266
2024,JOYABAJ,QUICHE,265
2024,"CUNÉN",QUICHE,255
2024,"SAN JERÓNIMO","BAJA VERAPAZ",254
2024,"PUERTO DE SAN JOSÉ",ESCUINTLA,251
2024,"SAN RAFAEL PIÉ DE LA CUESTA","SAN MARCOS",248
2024,MASAGUA,ESCUINTLA,246
2024,"SAN LUCAS TOLIMÁN",SOLOLA,246
2024,ALOTENANGO,SACATEPEQUEZ,245
2024,"SAN FELIPE",RETALHULEU,244
2024,CHAHAL,"ALTA VERAPAZ",243
2024,"LA LIBERTAD",HUEHUETENANGO,242
2024,"SAN MARCOS LA LAGUNA",SOLOLA,238
2024,CHIQUIMULILLA,"SANTA ROSA",231
2024,MONJAS,JALAPA,230
2024,"CIUDAD VIEJA",SACATEPEQUEZ,229
2024,"SAN JUAN CHAMELCO","ALTA VERAPAZ",221
2024,ACATENANGO,CHIMALTENANGO,220
2024,"OCÓS","SAN MARCOS",219
2024,"SAN PEDRO SACATEPÉQUEZ",GUATEMALA,218
2024,"SANTO DOMINGO XENACOJ",SACATEPEQUEZ,216
2024,"EL TEJAR",CHIMALTENANGO,213
2024,"TUCURÚ","ALTA VERAPAZ",206
2024,"EL CHAL","EL PETEN",198
2024,"LA DEMOCRACIA",ESCUINTLA,197
2024,CHICACAO,SUCHITEPEQUEZ,195
2024,"CABAÑAS",ZACAPA,195
2024,"SANTA CRUZ MULÚA",RETALHULEU,195
2024,"SAN RAFAEL LAS FLORES","SANTA ROSA",192
2024,OLOPA,CHIQUIMULA,190
2024,"SAN RAYMUNDO",GUATEMALA,182
2024,"SAN JOSÉ ACATEMPA",JUTIAPA,179
2024,"PUEBLO NUEVO VIÑAS","SANTA ROSA",175
2024,CHAMPERICO,RETALHULEU,167
2024,"NAHUALÁ",SOLOLA,167
2024,"SANTO TOMÁS LA UNIÓN",SUCHITEPEQUEZ,165
2024,"CONCEPCIÓN LAS MINAS",CHIQUIMULA,164
2024,"SAN MIGUEL DUEÑAS",SACATEPEQUEZ,162
2024,"JOCOTÁN",CHIQUIMULA,160
2024,"SAN JUAN LA ERMITA",CHIQUIMULA,159
2024,"SAN VICENTE PACAYA",ESCUINTLA,156
2024,SANARATE,"EL PROGRESO",156
2024,"SAN PEDRO PINULA",JALAPA,153
2024,"SAN MANUEL CHAPARRÓN",JALAPA,149
2024,PASTORES,SACATEPEQUEZ,148
2024,"FRAY BARTOLOMÉ DE LAS CASAS","ALTA VERAPAZ",145
2024,"SAN CARLOS ALZATATE",JALAPA,144
2024,"LA GOMERA",ESCUINTLA,141
2024,"LA DEMOCRACIA",HUEHUETENANGO,140
2024,"EL PROGRESO",JUTIAPA,140
2024,"SAN BARTOLOMÉ JOCOTENANGO",QUICHE,132
2024,"LAS CRUCES","EL PETEN",131
2024,"SANTA CATARINA BARAHONA",SACATEPEQUEZ,130
2024,LIVINGSTON,IZABAL,126
2024,"EL QUETZAL","SAN MARCOS",125
2024,ORATORIO,"SANTA ROSA",124
2024,"SAN ANDRÉS SAJCABAJÁ",QUICHE,124
2024,GUANAGAZAPA,ESCUINTLA,123
2024,"EL ASINTAL",RETALHULEU,121
2024,CHISEC,"ALTA VERAPAZ",119
2024,"GUAZACAPÁN","SANTA ROSA",119
2024,YUPILTEPEQUE,JUTIAPA,118
2024,TAXISCO,"SANTA ROSA",115
2024,"SAN JACINTO",CHIQUIMULA,112
2024,"TECPÁN GUATEMALA",CHIMALTENANGO,111
2024,CUYOTENANGO,SUCHITEPEQUEZ,107
2024,"SAN AGUSTÍN ACASAGUASTLÁN","EL PROGRESO",106
2024,PAJAPITA,"SAN MARCOS",106
2024,"SAN ANTONIO PALOPÓ",SOLOLA,106
2024,"SAN DIEGO",ZACAPA,104
2024,"LA REFORMA","SAN MARCOS",103
2024,"SAN LUCAS SACATEPÉQUEZ",SACATEPEQUEZ,99
2024,"SAN LORENZO",SUCHITEPEQUEZ,99
2024,"SAN MIGUEL PETAPA",GUATEMALA,98
2024,"TECULUTÁN",ZACAPA,98
2024,JOCOTENANGO,SACATEPEQUEZ,92
2024,"EL JÍCARO","EL PROGRESO",90
2024,"SAN JUAN TECUACO","SANTA ROSA",89
2024,"EL CHOL","BAJA VERAPAZ",88
2024,"PACHALÚN",QUICHE,87
2024,SIPACATE,ESCUINTLA,85
2024,"LOS AMATES",IZABAL,84
2024,"SAN ANDRÉS","EL PETEN",83
2024,"SAN JOSÉ LA ARADA",CHIQUIMULA,83
2024,"SAN CRISTÓBAL ACASAGUASTLÁN","EL PROGRESO",78
2024,FLORES,"EL PETEN",76
2024,"ZAPOTITLÁN",JUTIAPA,76
2024,"SAN GASPAR IXCHIL",HUEHUETENANGO,74
2024,IZTAPA,ESCUINTLA,72
2024,"EL ESTOR",IZABAL,70
2024,"NENTÓN",HUEHUETENANGO,70
2024,COMAPA,JUTIAPA,67
2024,"SANTA BÁRBARA",SUCHITEPEQUEZ,65
2024,COLOTENANGO,HUEHUETENANGO,60
2024,SANSARE,"EL PROGRESO",60
2024,"SAN ANDRÉS ITZAPA",CHIMALTENANGO,58
2024,"SAN JOSÉ EL IDOLO",SUCHITEPEQUEZ,57
2024,"SANTA BÁRBARA",HUEHUETENANGO,56
2024,"TAMAHÚ","ALTA VERAPAZ",54
2024,"SAN PABLO LA LAGUNA",SOLOLA,54
2024,"SANTA ANA HUISTA",HUEHUETENANGO,53
2024,QUETZALTENANGO,QUETZALTENANGO,52
2024,"SAN MIGUEL PANÁN",SUCHITEPEQUEZ,51
2024,SAMAYAC,SUCHITEPEQUEZ,46
2024,"SANTA CRUZ NARANJO","SANTA ROSA",46
2024,"MORAZÁN","EL PROGRESO",42
2024,"SANTA CATARINA PALOPÓ",SOLOLA,40
2024,ESTANZUELA,ZACAPA,39
2024,"SANTA MARÍA IXHUATÁN","SANTA ROSA",38
2024,CONGUACO,JUTIAPA,37
2024,PATULUL,SUCHITEPEQUEZ,35
2024,"EL ADELANTO",JUTIAPA,35
2024,"SAN SEBASTIÁN HUEHUETENANGO",HUEHUETENANGO,35
2024,"SAN FRANCISCO","EL PETEN",34
2024,"SAN ANTONIO SUCHITEPÉQUEZ",SUCHITEPEQUEZ,32
2024,"SANTIAGO SACATEPÉQUEZ",SACATEPEQUEZ,31
2024,"SAN RAFAEL PETZAL",HUEHUETENANGO,30
2024,"TOTONICAPÁN",TOTONICAPAN,29
2024,MOYUTA,JUTIAPA,28
2024,"HUITÉ",ZACAPA,27
2024,"SAN PEDRO JOCOPILAS",QUICHE,27
2024,POCHUTA,CHIMALTENANGO,27
2024,JALPATAGUA,JUTIAPA,26
2024,NEBAJ,QUICHE,26
2024,"RÍO HONDO",ZACAPA,25
2024,"USUMATLÁN",ZACAPA,21
2024,"TECTITÁN",HUEHUETENANGO,21
2024,PANZOS,"ALTA VERAPAZ",18
2024,"SAN JORGE",ZACAPA,17
2024,"SANTO DOMINGO SUCHITEPÉQUEZ",SUCHITEPEQUEZ,17
2024,"PURULHÁ","BAJA VERAPAZ",17
2024,"CONCEPCIÓN HUISTA",HUEHUETENANGO,17
2024,QUEZADA,JUTIAPA,16
2024,RAXRUHA,"ALTA VERAPAZ",15
2024,"SANTA LUCÍA MILPAS ALTAS",SACATEPEQUEZ,15
2024,"SAN GABRIEL",SUCHITEPEQUEZ,14
2024,ZARAGOZA,CHIMALTENANGO,13
2024,"UNION CANTINIL",HUEHUETENANGO,13
2024,"MAGDALENA MILPAS ALTAS",SACATEPEQUEZ,13
2024,"SAN BARTOLOMÉ MILPAS ALTAS",SACATEPEQUEZ,12
2024,"SAN BERNARDINO",SUCHITEPEQUEZ,12
2024,"CHICHÉ",QUICHE,12
2024,"SANTA LUCÍA UTATLÁN",SOLOLA,12
2024,CHINIQUE,QUICHE,12
2024,"SANTA CLARA LA LAGUNA",SOLOLA,12
2024,PASACO,JUTIAPA,11
2024,ZUNIL,QUETZALTENANGO,11
2024,"PETATÁN",HUEHUETENANGO,10
2024,"SAN JOSÉ POAQUIL",CHIMALTENANGO,10
2024,TEJUTLA,"SAN MARCOS",9
2024,"SAN PABLO JOCOPILAS",SUCHITEPEQUEZ,8
2024,"SAN JOSÉ","EL PETEN",8
2024,"SAN JUAN COTZAL",QUICHE,8
2024,"SAN ANDRÉS SEMETABAJ",SOLOLA,7
2024,"SAN JOSÉ OJETENAM","SAN MARCOS",7
2024,"PATZICÍA",CHIMALTENANGO,6
2024,"SANTA MARÍA DE JESÚS",SACATEPEQUEZ,6
2024,CHIANTLA,HUEHUETENANGO,6
2024,"SAN PEDRO SACATEPÉQUEZ","SAN MARCOS",6
2024,"LA ESPERANZA",QUETZALTENANGO,5
2024,"SAN CARLOS SIJA",QUETZALTENANGO,5
2024,OLINTEPEQUE,QUETZALTENANGO,5
2024,"SAN MATEO",QUETZALTENANGO,4
2024,"SAN JOSÉ CHACAYÁ",SOLOLA,4
2024,"SANTA MARÍA VISITACIÓN",SOLOLA,4
2024,"PATZÚN",CHIMALTENANGO,3
2024,"TACANÁ","SAN MARCOS",3
2024,"SANTA CRUZ BALANYÁ",CHIMALTENANGO,3
2024,"SAN BARTOLO",TOTONICAPAN,3
2024,"SANTA LUCÍA LA REFORMA",TOTONICAPAN,3
2024,"SAN JUAN COMALAPA",CHIMALTENANGO,2
2024,"SANTA APOLONIA",CHIMALTENANGO,2
2024,"SAN ANTONIO ILOTENANGO",QUICHE,2
2024,SIBINAL,"SAN MARCOS",2
2024,CHAJUL,QUICHE,2
2024,"SAN LORENZO","SAN MARCOS",2
2024,"SAN JUAN OSTUNCALCO",QUETZALTENANGO,2
2024,"SAN JUAN IXCOY",HUEHUETENANGO,2
2024,"CABRICÁN",QUETZALTENANGO,2
2024,"SALCAJÁ",QUETZALTENANGO,2
2024,"SAN ANTONIO SACATEPÉQUEZ","SAN MARCOS",2
2024,ZUNILITO,SUCHITEPEQUEZ,1
2024,MOMOSTENANGO,TOTONICAPAN,1
2024,"AGUA BLANCA",JUTIAPA,1
2024,"TODOS SANTOS CUCHUMATÁN",HUEHUETENANGO,1
2024,"SAN JUAN ATITÁN",HUEHUETENANGO,1
2024,"SAN ANDRÉS XECUL",TOTONICAPAN,1
2024,CHICHICASTENANGO,QUICHE,1
2024,"SANTA MARÍA CHIQUIMULA",TOTONICAPAN,1
2024,"SAN CRISTÓBAL CUCHO","SAN MARCOS",1
2024,"SANTIAGO CHIMALTENANGO",HUEHUETENANGO,1
2024,"SAN MARTÍN SACATEPÉQUEZ",QUETZALTENANGO,1
2024,"CONCEPCIÓN",SOLOLA,1
2024,"SAN RAFAEL LA INDEPENDENCIA",HUEHUETENANGO,1
2024,"ESQUIPULAS PALO GORDO","SAN MARCOS",1
2024,"SAN CRISTÓBAL TOTONICAPÁN",TOTONICAPAN,1
2024,"CONCEPCIÓN TUTUAPA","SAN MARCOS",1
